segment_id,map_mmhg,sbp_mmhg,dbp_mmhg,pulse_pressure,heart_rate_bpm,hr_variability_ms,sbp_slope_mmhg_per_min,pulse_pressure_variation,sqi
0,94.95848984134646,118.66203065649829,84.86839882194954,33.79363183454875,105.11129431162409,10.245431085683379,-1.5510477663772728,3.9690042135952073,0.7695751447536164
0,93.13691825019745,117.1715639343,83.39056575147372,33.78099818282628,104.89510489510488,8.485281374238541,0.8498805314165634,4.579458467541667,0.759663800969937
0,94.82153487950444,118.4922656743504,84.88117357638991,33.611092097960494,104.08163265306122,9.690004838575987,-1.0739935877163462,5.206885641479709,0.7776231373341492
0,93.2446120567376,117.26106421345452,83.41920169727578,33.841862516178736,104.52961672473866,11.135528725660025,1.4521130319486235,3.669827552460017,0.7728144480936927
0,94.60702300380468,118.51102516245308,84.75463448386675,33.75639067858633,103.8961038961039,7.053367989832931,-4.17459313041173,4.37706938395989,0.769320944654694
0,93.49850461521531,117.43523830798777,83.34751116116097,34.08772714682681,104.59392945036916,11.88642912029654,0.21799014845317602,4.176072772069228,0.7555667089438544
0,94.48244617229426,118.12522117215836,84.79086409371877,33.334357078439595,104.89510489510488,7.483314773547871,-0.18605495189010354,4.0408717285042,0.7735069319159835
0,93.45767302092482,117.41775474232006,83.40834050723832,34.009414235081735,104.16666666666667,8.677218312746243,-2.6175649463725033,4.272980151771645,0.780269674497559
0,94.74741135823417,118.58560710201893,84.78562277542103,33.799984326597894,104.52961672473866,7.745966692414821,2.9442440931566574,4.330962733216456,0.7690436418152568
0,93.19147308394244,117.12267101228254,83.4430930394065,33.67957797287603,104.85197368421052,11.016188151265498,0.6604817676573095,8.454675457840102,0.7705371208553173
0,94.79721151819126,118.48635228545385,84.79421018812165,33.692142097332194,103.71650821089023,10.087120500916003,-0.10039796900245186,4.319609155823428,0.7771660536561681
0,93.2303980234673,117.30798978222272,83.35641290989174,33.951576872330975,104.07632263660017,11.478240283248972,0.802008829713416,5.034565428031346,0.7752893783996356
1,90.24693780304709,120.11087324967748,77.901712651403,42.20916059827448,64.48839208942391,23.474241201793912,-9.821545875954204,4.001022324803221,0.8940981944219892
1,88.23087995148845,117.58132561024304,75.89956932943366,41.68175628080938,64.93506493506493,18.330302779823334,3.715197036687383,4.4543017239900635,0.8910703632797783
1,90.07340982974996,120.1045545672912,77.65774146155384,42.44681310573736,64.93506493506493,23.79915964902961,12.55064442091445,14.142313863206207,0.8928515200880243
1,87.99168466318582,117.46898776022523,75.92902762149492,41.53996013873031,64.76683937823833,16.70449041425686,11.16821242503217,3.9408458560139796,0.8918014701925918
1,89.98587103111494,120.08551362326918,77.5728919169721,42.51262170629708,66.25441696113074,20.489997559785138,8.13050660932787,6.473415709246945,0.8925545752184136
1,87.7013306116574,117.40624299245471,75.92014828375301,41.4860947087017,65.91796875,20.230767425317406,-7.533242949270683,12.637809132305271,0.8908789845132992
1,88.19934584650072,117.85971464219769,76.00028656158858,41.859428080609106,65.38796861377507,14.772948250095524,-16.64964154726272,5.532071907432268,0.8937369842003338
1,89.92470195394853,119.59855025856075,77.73198591188277,41.866564346677976,65.33101045296166,18.863721796082547,-14.20262949674289,5.305406015544994,0.8932489454057844
1,88.44821269803451,118.3497637341203,75.86347941266938,42.486284321450924,64.8228176318064,27.492544443903313,-6.130874425511073,5.335463394456182,0.8925940712479451
1,89.97271235847738,119.26085844412648,77.5672383441337,41.693620099992785,64.43298969072166,15.67673435381231,6.580355272533937,7.238304152603894,0.8938799834996808
1,88.24784373117339,118.02037687685784,75.98113237921216,42.03924449764568,64.93506493506494,25.861167800391364,10.283426171017155,9.535140567196377,0.8913542257928686
2,64.8088354469237,84.96265811272383,56.37726841042446,28.585389702299366,89.59044368600682,12.255777479729812,-7.714096720884115,4.350052010169465,0.7844094218935597
2,63.610059637771826,83.82640445448335,55.20738046588115,28.6190239886022,89.51406649616371,17.152378308346997,-1.577569069854706,13.847663819142959,0.7818756106454082
2,64.75096824990517,84.91920145888825,56.4055306118769,28.513670847011355,89.43781942078365,10.842094834862998,2.077987172646192,5.159094562178733,0.7856782434845124
2,63.461255648197756,83.69245566689504,55.22043874469644,28.472016922198605,90.28374892519346,18.507582560801882,0.8404188819875362,3.592817850830938,0.782765974426374
2,64.81241794278463,84.85467297037101,56.342599980673256,28.512072989697756,88.53288364249579,14.635712542703626,0.7959631649790954,4.906294719138059,0.7858679890897852
2,63.556043960620194,83.90781827112055,55.29040069991375,28.6174175712068,88.75739644970415,11.212238211627735,4.298542264210527,5.214157451596561,0.7819703730177199
2,64.58110911827339,84.86194122872044,56.39808553061507,28.46385569810537,88.39528558476881,12.090389356546737,-0.8835764513542317,4.727104702954343,0.784415973172479
2,63.51323970427744,83.44065487733272,55.18562901987187,28.25502585746085,89.74358974358975,10.781692722350385,-7.204262718516205,5.2123193361746205,0.7842352256061597
2,64.69136696259261,84.7349904148825,56.37920422212848,28.355786192754024,89.8972602739726,18.32139376215016,-9.282154431678443,4.498624422665451,0.783531728203664
2,63.64302735482389,83.83710646250432,55.15579650613615,28.681309956368175,89.05852417302799,13.915195042155311,-7.585718605389037,5.4673169178720205,0.782125754330749
2,64.80513811043167,84.79698659230594,56.39601944340618,28.40096714889976,89.43781942078365,15.959131478593056,-0.44386498711546674,4.639627780070175,0.7866722450914821
2,63.62360218978034,83.7530766467474,55.266412330973225,28.486664315774178,89.13412563667232,11.654901745354927,5.426880006413427,5.528819224665808,0.78322708332693
3,100.12263259456851,124.15314322538855,90.20827242744163,33.94487079794692,71.0594315245478,18.16726690443172,-7.802158045574301,3.6787639236926974,0.822407249110461
3,98.58303726278874,122.29777058372304,88.64777297265555,33.64999761106749,70.93723129836627,29.362369800998326,-0.036345017651741224,14.202574664939021,0.8257067517048723
3,99.86093712751968,128.84091313549743,73.51813224677271,55.32278088872472,120.96774193548386,298.2842162840846,0.7819954102032425,39.026708055276764,0.7653606981436256
3,98.47499614373872,122.15035190290145,88.71812385821923,33.43222804468222,70.51282051282053,17.1488379964387,6.899188058710123,6.575133399554259,0.864564688338518
3,99.72192513839288,124.01094756382471,90.03579485757616,33.97515270624855,70.82152974504248,33.26499661806687,-3.040533981095196,11.556506125780093,0.8442264971254332
3,98.50934155728686,122.4193144030709,88.63545396450698,33.78386043856392,71.24352331606217,17.087040181048323,-11.805133357959312,4.005567317004557,0.8552738516826912
3,98.47420153040814,122.40154989636886,88.76938616941833,33.63216372695054,71.80156657963447,10.438327341387154,-4.99128577273311,4.4186630409963765,0.8289807329107511
3,98.59046004144149,122.0626255351589,88.57921383674294,33.48341169841596,70.81545064377683,12.512473115698377,0.0003972261122697954,4.20173846465416,0.8639740779703823
4,76.16213252473705,97.30020393623391,67.471123208077,29.82908072815691,66.19593998234774,16.800000000000015,-12.562623657457022,10.024258514126554,0.8911487915101128
4,74.84684942982902,95.75357492631512,66.20740280077241,29.54617212554271,66.19593998234775,32.79999999999999,-11.50617140015566,10.209485356042268,0.8910964142826883
4,76.07234954664997,96.68607417343648,67.45161425922741,29.23445991420907,66.48936170212767,28.12543332999511,4.69653276541375,12.266430551095771,0.8938777272498375
4,74.92977821099008,96.15416510480239,66.17725739363554,29.976907711166845,66.66666666666667,12.521980673998835,7.0926988413021075,5.080344739713724,0.8928410321671923
4,76.08027360989439,97.10460275537754,67.44480687591013,29.65979587946741,66.07929515418502,17.618172436436208,8.86844123982605,3.932639774109741,0.8934019190174296
4,74.85670153333682,95.7032515667526,66.24618258431879,29.45706898243381,66.13756613756613,18.31283702761535,8.169635139525662,3.853376147555755,0.8892938659738312
4,76.14730994783716,97.22336301201103,67.51557972269535,29.707783289315685,65.84723441615452,16.569852141766376,9.525317287042704,3.7960593365665227,0.8934584367307987
4,74.7796226175531,95.52874201647295,66.21785673469506,29.310885281777885,66.37168141592919,12.89961239727769,8.800278324008874,3.9748126109629562,0.8930404676528934
4,76.12703551031363,97.17575968727859,67.45744478884083,29.718314898437754,65.73181419807186,35.31798408743058,7.117137573826975,10.03542231288818,0.8901130311363638
4,74.8567034538492,95.89242069539834,66.15780883456463,29.73461186083371,66.90454950936663,22.184679398179295,7.177361355750499,11.36129770434641,0.8930809884539642
5,68.43930700749708,91.70499753817938,58.77099592252918,32.9340016156502,97.64035801464604,14.482748357960253,-5.636159183782549,5.259672874227852,0.7800010455128518
5,66.9261761756648,89.8366501870154,57.35694809326046,32.47970209375493,97.91122715404701,15.122610004008362,1.150766659103051,5.106560228734161,0.781463007083648
5,68.10069225590092,91.0101595443842,58.69808424172753,32.312075302656666,97.65625000000001,14.952368820134613,-2.2803510770066433,5.5133994009014,0.7812507664570335
5,66.82220366998627,89.6853229512735,57.30511194527114,32.38021100600236,97.15025906735752,12.462209541917796,-10.068044217289039,5.791747550201229,0.7801303004996268
5,68.4509217558244,91.59311972427271,58.740579212801144,32.85254051147157,97.00889248181082,15.419143945109289,-7.374961012186942,5.28266393413906,0.7848991260966779
5,66.94547794358374,89.9937920073705,57.37362641302398,32.620165594346524,97.48700173310226,13.215479139588137,0.5753211308332488,5.45671483811477,0.7824976447878629
5,68.20705407833168,91.19305110885352,58.74177847038173,32.45127263847179,97.31833910034604,11.110755549866496,1.045349307235404,4.781562844907625,0.7823989741531703
5,66.74314413535623,89.62710269008534,57.45299225418402,32.17411043590132,97.82608695652176,12.278255395436107,-6.940097352007492,5.131277406825188,0.7845450178992962
5,68.40482990573852,91.64744595661196,58.75917302295817,32.88827293365379,97.5609756097561,11.95826074310141,-5.843548487647571,5.7385869969154175,0.7842861567297451
5,66.92846364073797,90.10516462157781,57.38819154622861,32.7169730753492,96.15384615384616,12.044362443345307,0.1915374438915475,4.953325981167491,0.7819150598769539
5,68.25161536313105,91.27175899198846,58.72129862405656,32.550460367931905,97.48700173310226,6.829999186595046,2.483852455587558,5.354663571488886,0.7845689868067507
5,66.8327478488925,89.87109131672699,57.47811812072735,32.39297319599964,96.89922480620157,7.03514984441223,-0.17195435847712384,5.6163338352190815,0.7851916572682384
6,86.58271495331843,123.13595942567446,71.75507795296303,51.38088147271142,104.52961672473866,11.489125293076045,-1.228781537695478,5.963546658141839,0.7715855397945529
6,86.70445193255344,123.54116476554897,71.67502126033739,51.86614350521158,103.89610389610391,10.665364503850768,6.156643632238607,6.56873124380986,0.7753489444714335
6,89.03265537452805,125.80739401609132,73.70294071211387,52.10445330397745,104.59392945036916,8.574525721547566,-0.20034192466794765,7.102127890024941,0.7671532306765018
6,87.00478961066862,123.59321423901447,71.56735052338769,52.025863715626784,104.62074978204011,10.476163419878459,4.504797431053681,6.311446465422363,0.773574849271455
6,88.75451201951284,125.53790188473558,73.75268320019471,51.785218684540865,104.43864229765013,9.886859966642572,-3.2591028012136607,5.980709556002734,0.7736088842484852
6,87.21349764199572,124.18064521882445,71.61036468249253,52.57028053633192,103.15533980582525,10.180380071898332,-3.9794940404227823,7.39505962137893,0.7787204559645562
6,86.68026039531219,123.93557979817575,71.48839755276482,52.44718224541093,104.98687664041995,11.30265455545729,-0.5195721736038094,6.305596107414933,0.7563278130823601
6,89.23174206480809,125.50641078552819,73.6728306064846,51.833580179043594,104.42260442260441,9.598154378527578,-1.7897242173856325,5.7163652690110185,0.776285267467954
7,71.06632111414962,107.83345655160838,55.845194347695575,51.988262203912804,71.12068965517241,6.2562365578491885,-17.156621961132615,6.057851787215563,0.8320888738458614
7,68.93932006749372,105.64452847021342,53.359538453981244,52.28499001623217,71.36678200692042,18.19635782283173,-2.7176985463799697,7.389990761285703,0.8358983499772865
7,70.82430110956096,107.34960646769396,55.59280232997274,51.75680413772122,71.86411149825783,19.97022577126687,3.1731081309081146,6.137849825512983,0.8024100247134552
7,68.75201087405763,105.14007345944866,53.408124789499816,51.73194866994884,70.75471698113208,29.145403504747467,3.6817942290434846,16.239997622449344,0.8220926141317463
7,70.837951371207,107.87113678161208,55.705390177701666,52.165746603910414,72.43195785776996,19.996693941625463,4.9808907955020185,9.266612239926813,0.8009526148690125
7,68.88535456422,105.88822514080584,53.43971039618558,52.44851474462026,71.18205349439171,26.918917124831626,10.77115309193415,8.256623192709013,0.826249579317297
7,70.80526222130877,107.1662610013897,55.611090484183464,51.555170517206236,71.24352331606218,21.866612913996963,15.820485653261272,7.034906060930009,0.835782740707386
7,68.63270401646348,105.59385542606026,53.67941388355818,51.914441542502075,71.61458333333333,12.8049577175702,11.109921306542054,6.7038060002960265,0.8039666985188493
7,70.90003191202024,108.25233415082636,55.7151208227912,52.53721332803516,71.55247181266262,17.332909509546155,7.928332011940046,7.096123254856096,0.8049304627942198
7,68.82045062818426,105.47767311164569,53.56511117864186,51.91256193300383,71.49046793760832,15.045935174965253,10.438326822313872,6.973449859112531,0.8227343937517861
7,70.58497630817725,107.42854776227594,55.52026529848399,51.90828246379195,71.67680278019114,17.484822225703738,0.35181254942517265,14.537430240865717,0.7982792032709657
7,68.532546527975,105.12568923848899,53.48264320105525,51.64304603743374,71.42857142857143,14.472544539732645,-16.90038131385968,6.672252655527612,0.8206336750414613
8,88.90605560553641,113.4416207386544,78.60486880054935,34.83675193810504,95.74468085106382,11.562391140628703,-8.792945058619162,4.615915554292239,0.7816229254129506
8,87.34609315427362,111.74163255176626,77.15050336662394,34.59112918514232,95.25825571549535,8.987893091388125,-5.136475156757829,4.3342620333783515,0.7840665868529331
8,89.03557333330978,113.84167735985714,78.78581375260254,35.05586360725461,94.61732548359967,8.499934640271597,1.9995506506803487,4.240729714834231,0.7836611297396007
8,87.2875340683462,111.67875133361925,77.25256043858705,34.42619089503219,95.50084889643463,10.062913207527055,7.216648307635658,4.361322838237493,0.7820852257976296
8,88.78231827470273,113.78233981864167,78.72923375020983,35.053106068431845,94.69696969696972,15.785225159412008,4.035589719548697,10.281019874087628,0.7829966627886521
8,87.12821090963429,111.28091072924495,77.24624972786638,34.034661001378566,95.02262443438916,14.331355661696529,-4.134751849251298,4.945383290613104,0.7824930774882946
8,89.00230789135053,113.672873748628,78.71248288551712,34.96039086311089,94.61732548359969,13.534482709812835,-6.391180937282276,4.051056719610398,0.7820857351488337
8,87.4196266775079,111.64192515233101,77.25121911103935,34.390706041291665,94.30008382229676,11.997036671148804,2.499650775718755,3.7082743966466665,0.7861252193908407
8,88.83447910399761,113.48820141097588,78.68485295029083,34.803348460685044,94.69696969696972,14.070299688824461,5.641111805593798,4.498289093943743,0.7842294190156059
8,87.31134750718132,111.58510698874262,77.28792808348767,34.29717890525495,95.74468085106385,12.954621654923871,5.009676058677418,4.953139869276359,0.78517279116405
8,88.67333347161942,113.49214670260938,78.68909063165358,34.80305607095579,94.85094850948511,11.095135907970066,-2.309033712443107,4.07525726133023,0.7816963830638243
8,87.35587080085294,111.6739866434467,77.14232443825681,34.53166220518989,95.09721048182588,13.96885424395606,-7.7635879522414895,4.070131384039474,0.7836414587629588
9,92.00871593844465,118.2696174503956,81.01882726356679,37.25079018682881,65.38796861377506,22.357101779971412,-8.82360295783462,13.263551609639576,0.8943686623707994
9,90.26956944034768,116.10440314132771,79.29230503989453,36.81209810143318,64.4883920894239,21.181123671797938,4.525496536265484,4.010917189824499,0.8920715160410934
9,91.63264179981672,118.52569392662541,80.84502629415881,37.680667632466594,63.72132540356839,12.419339757007984,3.557598313478159,4.517432467716859,0.8923235973705846
9,89.99038490615871,116.54283397184717,79.38155063379533,37.161283338051845,65.21739130434783,14.110673659011141,-8.17938498864941,4.072640232751493,0.8924354660118375
9,91.94441091830822,117.91143194213511,80.96659096950475,36.94484097263036,64.1025641025641,37.52332607858744,-7.526974957283983,14.720203680418845,0.8926883001832121
9,90.34813831119274,116.736037863123,79.3541436124206,37.3818942507024,63.82978723404256,23.255106965997793,4.428781412954242,9.7905642197636,0.8943891460988298
9,91.36289157595492,117.65766379134104,80.79314325317767,36.86452053816336,63.61922714420359,37.22736282910563,-4.80024117470368,14.543504196842857,0.891451637852063
9,90.53263387988424,117.0957594303152,79.27558215133539,37.82017727897981,64.54388984509465,21.40654105641543,-7.63633812230104,12.488826676510863,0.8936638588592495
9,91.74634805798395,117.78025276138337,80.77423831186817,37.00601444951519,63.77551020408163,28.442222135409867,4.87257658388741,7.5673894155827055,0.8932657274037648
9,90.04853791789405,116.52083534310556,79.35930277741161,37.161532565693946,64.59948320413436,31.485869846647084,-1.2889734885706745,8.010998670243183,0.8902494469244376
9,91.78156347671172,117.84609853407969,80.8864817323253,36.95961680175439,63.77551020408163,27.0584552404604,-7.030148601674571,10.780173403367396,0.8961386166073302
9,90.49979661751728,117.31958970775824,79.33921243662964,37.9803772711286,63.6672325976231,23.67783773911797,4.8846390056720965,14.697792946532301,0.8960002065966363
10,65.24775670433043,98.16078014433283,51.43132388559887,46.72945625873396,75.94936708860759,17.625738755203034,-5.443911629347526,9.173400357929971,0.7876104467528476
10,62.75038924503415,95.76858160118118,49.31733808384521,46.451243517335975,75.25083612040133,15.776212754932303,3.7041194205966783,6.958717973642592,0.7851397074233425
10,64.86851486025792,97.39852888825324,51.49111404744244,45.9074148408108,75.82720588235293,18.824987789883327,-2.8539342146536186,6.316689118905291,0.7867846068289165
10,62.989591341368794,95.54594237322252,49.31629427160511,46.22964810161741,74.81296758104737,25.113077602449803,2.0422075887513547,23.779018737087426,0.7865687881624621
10,64.74609509062722,98.40534745767181,51.40829309807177,46.997054359600035,75.41133455210237,18.796869793920113,-1.1003352595977167,5.829712188975339,0.7870131414825094
10,63.1130586921102,95.70308294120731,49.43923239641135,46.263850544795964,75.25083612040133,10.994948334980423,1.486889829472099,5.550970339767216,0.7843351776782613
10,64.72092023612734,98.19959701909957,51.422095395957456,46.777501623142115,74.05745062836624,14.90465565957757,3.9129024071413334,6.249898196332946,0.7846987151935924
10,63.04619690024562,95.66336053899775,49.326906655349845,46.336453883647906,75.82139848357203,9.498537899183347,5.201062333040269,6.235230586036703,0.7850300515160771
10,64.59788380753533,97.70644613743029,51.20070012120339,46.5057460162269,74.79601087941977,13.683554707074,0.60963844542493,6.8080978596257085,0.7854476165886337
10,63.09413019002485,95.55193229163085,49.31294040092068,46.23899189071017,74.87520798668884,6.394442031083611,-0.3511576808979716,6.058483957379071,0.7842969594628936
10,64.65926090686939,97.840885910431,51.334636680794425,46.50624922963657,75.13661202185793,16.648033661468478,-1.31336057796327,5.247614110302246,0.7873943683524159
10,63.10036485964976,95.54736824694315,49.26342739135336,46.28394085558979,74.87520798668884,7.888106377466126,-0.10982245109943878,7.120453326077679,0.7836314506605916
11,90.4719972817803,119.20076927745494,60.92367637012346,58.27709290733148,92.2887612797375,153.75732683535946,-0.9266701431821512,29.803172595707007,0.6972229925645771
11,88.55932133763497,114.60055866601482,78.11100875807858,36.48954990793624,98.6842105263158,8.763560920082666,1.8976378337547097,4.832318277222424,0.7826368191556229
11,90.19192802988482,116.01145273429168,79.50261336914606,36.50883936514562,98.03921568627452,8.485281374238578,-2.0745926084742514,4.669774265110579,0.7831672790100628
11,88.76997756566271,114.52671388267254,77.84124142014288,36.68547246252966,98.85764499121265,9.629584045476161,1.8837777057531937,4.769266336384419,0.7849632827704123
11,90.03061213437832,116.13559139993305,79.44014653204404,36.69544486788901,99.09165978530142,20.34084560680799,-1.3776376099357854,15.561345193823412,0.7820916095593122
11,88.78454629225992,114.54900249190712,77.98301248903815,36.56599000286897,99.91673605328891,13.991068579633236,-5.176169719511913,4.033947202660045,0.7840950036966223
11,90.30055583404146,116.20466311077227,79.59709719068869,36.60756592008359,98.76543209876544,10.758717395675017,1.9003014420620108,4.189840883584751,0.784615989586522
11,88.69849613778638,114.19394624595101,77.94394693101383,36.249999314937185,97.91122715404701,7.61752365711238,5.528763301226196,4.823923194267913,0.7827450822848053
11,89.97875432074869,116.14147491718607,79.50863933103119,36.63283558615488,99.29390997352165,10.877908295664618,-2.5651149831065383,4.494235001062972,0.7800175196713068
11,88.97940868546486,114.9585288436264,78.02004235533089,36.93848648829551,98.6842105263158,12.00000000000001,-0.7660792172744693,5.324739331746736,0.7839750541787377
11,89.99477483432486,115.6666394668932,79.56706893804267,36.099570528850535,100.25062656641603,13.028814220795393,2.223475334824321,5.5009436160763725,0.784836173003573
11,88.89268600662895,114.82230955733985,78.06323242705582,36.75907713028403,98.68421052631581,8.262364471909162,0.39436929312980123,4.780964073544829,0.7802460222829507
12,73.04572885545362,105.34878286853294,59.46690458834338,45.881878280189554,94.22110552763822,13.32266239658326,-5.334744788550823,5.711871918475558,0.7844804737355645
12,70.88327970680973,103.30333094076599,57.501498833093144,45.801832107672844,94.45843828715367,12.324501342177443,7.563618685760577,6.159011567441041,0.7844211944904909
12,72.28556100260879,105.90332070329985,41.104382531006294,64.79893817229356,100.17809439002671,113.09433623700565,-5.302628836608711,20.54055743070764,0.7408210024650576
12,71.17756186373799,103.50344360730338,57.612000300054596,45.891443307248785,93.98496240601504,10.613199329137291,-6.831266974269508,6.08105304629971,0.7829645314729565
12,72.80148854839145,105.07649189251136,59.39169004846896,45.6848018440424,93.28358208955224,11.973303637676622,5.788337721903813,6.764112670725211,0.7845556064256546
12,70.57942260182342,102.49337450463617,57.517866610253044,44.97550789438312,94.00179051029546,8.101398216433049,-3.7913211090390324,5.736317728121262,0.7871109393401561
12,73.07903119011645,105.3402752746315,59.50092941978058,45.83934585485091,93.75,10.930080817023583,-0.8345090340558542,6.629348262286553,0.7815966544586166
12,70.61296597993336,102.99856144146156,57.44826647543747,45.55029496602409,93.67194004995838,14.741626625157618,1.4101198724318542,13.38741402156172,0.7872773239715721
12,72.78757457340049,104.69008766118489,59.59924936465184,45.09083829653305,94.25493716337525,8.925999629607613,-6.297267557346013,6.756961408690312,0.7827334828873154
12,71.12435793222218,103.4838496899479,57.49585010630823,45.98799958363967,94.0635451505017,9.450690744890329,4.306663611868193,6.644815695494151,0.7829458405256062
12,72.42768638554483,104.60971481106606,59.39267396462598,45.21704084644008,94.08602150537635,11.876919823329455,1.0818582776136165,7.357024903192605,0.7845553251940885
12,71.07776361981031,103.06226251990162,57.68419291401144,45.37806960589018,93.75,12.044362443345307,-5.771484512015065,6.7735371710807595,0.7849466618352836
13,65.50072999309923,93.7087448557933,53.65673403253573,40.05201082325757,106.87342833193627,7.3808880665214325,-8.733138737584145,6.052137684523703,0.715924336460005
13,63.75291036058587,92.22768728631102,52.065511822986466,40.16217546332456,107.68581081081079,11.294117647058801,-3.162397174459729,8.236033038716007,0.6793907912080009
13,65.47873918963103,94.02648025418866,53.711879520457785,40.31460073373087,106.96308724832214,6.063105283164732,1.5434555807530097,5.479461887822032,0.7104293384887037
13,63.653589706106835,92.18753182029748,51.9865458894046,40.20098593089288,107.14285714285715,11.313708498984726,4.543154533052071,6.615463623586426,0.7099442916668802
13,65.23028090102369,93.69101679483583,53.613274377707185,40.07774241712865,107.0528967254408,13.848413147823177,-0.6505541051436845,6.569423139148496,0.7082386854280966
13,63.82635487544747,92.1751916876062,51.9786261811167,40.1965655064895,108.78839590443685,14.381841684645744,-0.23066911479525068,6.410643217936434,0.6707555045882353
13,65.18867279328492,93.61919934222989,53.620643150825735,39.998556191404155,107.23296888141294,10.071028027780065,-2.5735676247340225,15.514539561754246,0.7053432318762656
13,63.678353739551106,91.92927012454868,51.96734687025379,39.96192325429489,106.78391959798995,8.903947260435023,-9.504109258289802,7.796746841488618,0.7209876808085438
13,65.33548839898016,93.77094246399488,53.622549851555334,40.14839261243955,108.14249363867684,8.651659440400103,-9.500990910495132,5.718846935936975,0.6876202336855283
13,63.75425713075879,92.16005230259343,52.07419352266378,40.085858779929644,107.59493670886077,8.12361247135624,-8.195816280706108,7.710287909352369,0.6925146022424563
13,65.36210042087687,93.7910816429125,53.65274018014521,40.13834146276729,108.23429541595922,12.19904131465006,-7.09277161661126,6.129198974780976,0.693105487702258
13,63.81477890110299,92.16903289084637,51.966499085635434,40.20253380521093,107.14285714285714,7.761140001162629,-4.38595989716206,6.258437791828748,0.6869212439928558
14,74.64920420760792,98.49399361276458,64.65858049852422,33.83541311424037,70.09345794392523,14.472544539732667,-4.381645484806166,4.470398774463642,0.846151136177353
14,72.74447930341144,96.4255015239515,63.09556930626722,33.329932217684274,68.9799331103679,12.34222745343793,0.9906412103747829,5.091743360462816,0.8883368427461831
14,74.39417688071144,98.47084077706565,64.62605034901576,33.84479042804989,69.83240223463686,13.948476619330167,-2.260738379075886,4.071986096099158,0.8820072182099694
14,74.1401179725842,98.04238979633955,64.54824553530163,33.49414426103792,70.81545064377683,28.632755905497493,-2.0971151349534365,16.48712370020571,0.8334209739680593
14,72.92371358679468,96.6647876632078,63.15873363662857,33.506054026579235,70.09345794392523,24.36092250828253,-7.302789310231962,10.38949815535551,0.8621046287203863
14,74.57569803511666,98.25133924594118,64.56892616704789,33.68241307889329,69.85605419136324,11.95031034556727,3.7873918465259853,4.850271981637763,0.8690720220902394
14,72.78878363026887,96.42294142825928,63.11543692388057,33.307504504378706,70.87628865979381,15.185900376597177,8.582101074091263,4.791111132878558,0.8373394580920067
14,74.23276068453039,98.36835841715799,64.45550338228767,33.91285503487032,69.50880444856348,15.77846633865283,0.8638799048514568,3.8222545316864016,0.884719760428416
14,73.0098485363869,96.26367640022573,63.14062950864643,33.12304689157931,70.27257240204429,24.14282570574232,2.4454164347552427,5.5747633189099,0.8862157547116327
14,74.26089735882137,98.47841142579205,64.51200659776822,33.966404828023826,70.15306122448979,13.837307338502157,5.273440392517723,4.0866360827744685,0.8673872806365719
14,72.63806072962211,96.33707704309384,63.160275411898574,33.17680163119527,70.62146892655367,18.86372179608257,-6.085545519695918,5.1211147316736625,0.8538280385884172
15,62.55446402612368,92.95725319833758,50.01960184385434,42.93765135448324,96.56652360515024,13.279892904521327,-13.081979603158093,6.501505280026912,0.7838040733550138
15,60.77385131883409,90.47625220558812,48.24553083228895,42.230721373299176,96.61835748792271,12.288205727444518,-3.82263918961566,6.697078736600397,0.7816692929772927
15,62.41616104785466,92.23595814668765,50.01919973760117,42.21675840908648,96.98275862068967,9.977753031397185,-0.6211335686643462,7.3185019459903105,0.7817715577590494
15,60.7878184685917,90.99839114226467,48.172292790700425,42.82609835156424,96.15384615384616,7.728734264634374,3.8783880515229114,6.05012450733045,0.7797352596353629
15,62.50272602679138,92.40395994383117,50.0371684954836,42.36679144834757,96.483704974271,11.853925744476205,12.854377551732258,6.959022446812472,0.784317560106871
15,60.50291732940378,89.8483502499587,48.29973527372106,41.54861497623764,95.82623509369678,16.64478563661573,8.158907885874783,6.083195626682126,0.7846874977285739
15,62.48366969224915,92.40920866883458,50.00696716723739,42.40224150159719,96.56652360515021,11.562391140628703,4.913901386348283,6.528618354770403,0.7848472789140438
15,60.698407478150735,90.88421068328462,48.30733413488594,42.57687654839868,96.40102827763496,8.365006475391006,9.939434186227517,7.799194534253635,0.7846194881585351
15,62.31467188649184,91.91858842256853,49.94630763311657,41.972280789451965,95.50084889643463,17.24902573738266,7.841080904354218,19.953700465255704,0.779162600490469
15,60.66964271649898,90.75285370534179,48.27512346216278,42.47773024317901,96.23609923011121,8.499934640271595,3.959829087485997,6.669229365702003,0.7837580214844266
15,62.4766785691822,92.750969455344,50.0004785846131,42.75049087073091,95.98976109215018,10.478337442340543,8.961140648130947,6.362027751792801,0.7843848714048084
15,60.4951002365486,90.02164616015092,48.252688727419745,41.76895743273118,96.23609923011121,8.987893091388125,6.558835646781844,5.8478125588385685,0.7857754072606985
16,69.81573697303124,108.2171119958628,53.900525035675294,54.3165869601875,103.80622837370242,11.489125293076068,8.25929330515316,6.69140809020902,0.7795041112808453
16,71.84397149298655,109.95949080937066,56.218994067077325,53.74049674229334,102.91595197255575,12.60952021291849,5.4114398073297245,8.71264748686021,0.7805979596540868
16,69.46012859962934,107.73858428576978,53.75198857140352,53.98659571436625,103.98613518197574,10.148891565092207,-1.5079719905908735,7.504183736638918,0.7777927974914189
16,72.12544697609734,110.15365161970982,56.277369119159566,53.87628250055025,103.65853658536585,13.14281415884136,-0.16890663268674078,6.703564852817132,0.776851656673833
16,69.83759295190792,107.86811788845212,53.88920471151847,53.97891317693365,103.9119804400978,6.851868131087536,-5.410261485845464,6.596645067334482,0.7706825280950929
16,72.04647824201122,110.03742482866701,56.17272749491877,53.864697333748246,103.80622837370242,7.211102550927985,7.885491450075984,5.746335888626216,0.7755527111823668
17,82.23304337686609,120.15024388070283,66.46112058485905,53.689123295843785,61.27450980392157,23.515101530718532,-9.951801674362653,4.915783395085576,0.8935866026519637
17,79.6574938380473,116.223616217427,64.11841394059931,52.10520227682768,61.252268602540845,11.991766722872939,7.933748799929554,5.6597360312411364,0.8940564920695033
17,81.88010739610384,119.1993582905223,66.42760876236868,52.77174952815362,60.97560975609756,34.973005462944016,14.750561070433372,21.67867460807596,0.8943913725728695
17,79.44222279447229,116.72315574107562,64.19720005229416,52.52595568878145,60.59245960502694,25.515911278946376,14.300555188369405,20.14751833481038,0.8940532178445314
17,81.53924929626325,118.93313654089508,66.40335135568317,52.52978518521191,60.97560975609756,40.966110655299246,1.2417130410152522,12.926017137082749,0.8920804101547505
17,79.52611565914025,117.2605223148411,64.24603272271897,53.01448959212213,60.48387096774193,29.933259094191534,-10.014702827646925,21.628153640064067,0.8934790106788674
17,81.54647591927808,118.89052282948789,66.2448685061269,52.645654323360986,60.810810810810814,37.52332607858744,-19.46771895286456,12.849863839706522,0.8945930047349812
17,80.17331244499093,117.95144455247944,64.15389502120374,53.797549531275706,61.27450980392156,8.908422980528043,-5.618506605752788,5.8038303197352645,0.8942535902915606
17,81.79516905820086,119.1943193618789,66.58797557854022,52.60634378333867,60.75607560756076,16.91226452483597,13.195524424121587,7.0454039678424465,0.8939999803566812
17,79.69529547915545,117.08309842432126,64.0864152794413,52.99668314487997,60.75607560756076,43.997755273829625,15.392935623472377,22.904665521308175,0.8950815566027605
17,81.57691543278975,118.59755620787767,66.37964734588067,52.217908861997,60.75607560756076,32.68404677484487,12.347325483560436,15.664872872304711,0.8918970592753442
17,79.42801025025271,116.59274685497748,64.13164695120894,52.46109990376854,60.64690026954178,22.939534045447022,-0.35151687281945976,5.156388439493665,0.8931010443560203
18,97.68945485492759,130.4243467847704,84.05256623576277,46.371780549007624,61.03074141048825,31.87630413696197,9.173681945041043,17.77955043445898,0.8913351714684448
18,99.49926940191253,132.5734117520504,85.99436271618508,46.57904903586531,60.4297224709042,22.452143893893513,11.710605691815012,5.588550211460399,0.8932296363887844
18,97.51404611005557,130.20048120029958,84.06106736087833,46.13941383942125,60.64690026954178,35.3773310971243,6.550530223634454,13.076936350552607,0.8937861272622161
18,99.24526118561955,131.93265202781893,85.75909206870925,46.17355995910968,61.085972850678736,36.7144469832238,-5.861217392902141,17.367768588690666,0.8926427486328987
18,97.94822741709801,130.53703092382153,83.94389121696516,46.59313970685638,61.93228736581339,18.399999999999995,-1.0622087594027283,4.866691248991753,0.8924755049171844
18,99.58279712124343,132.06770739306907,85.94843542771255,46.11927196535652,61.141304347826086,16.000000000000014,14.935690269185095,4.62380201657859,0.893860641304453
18,97.33733909304318,129.82037064403983,84.02466506808457,45.79570557595525,61.085972850678736,30.817663685972832,7.692541912171817,15.016027098103132,0.8945250925722664
18,99.18874440249478,131.99676735649314,85.89387060911217,46.10289674738097,61.30790190735695,22.310934040908702,-12.445878166390006,8.848458230651945,0.8937552896048812
18,97.74037124819631,130.09049229354991,84.03477622163385,46.055716071916066,61.124694376528126,30.994193004496857,-18.813717682128487,6.584940908148908,0.8899421301179481
18,99.8551262312401,132.10564603219044,86.0746559181828,46.030990114007636,61.58759124087591,28.665805327283735,-0.5113738575254947,6.687988715193099,0.8946131941425836
18,96.80823175683832,131.67501206723003,66.15936617611787,65.51564589111216,119.68085106382979,283.03121147086705,10.33027442847805,32.683981777016044,0.7823401229854728
19,78.99485779454521,117.87590924572375,62.73005854432318,55.14585070140057,73.89162561576353,14.422205101855928,-6.2284578335337795,5.754599232988086,0.7860194863664527
19,76.28494388928542,114.80636836309917,60.31016693998517,54.496201423113995,73.20319432120675,16.837580949513026,14.923091064800364,7.104727014323004,0.7935230773810749
19,78.29711370584984,116.94423897575084,62.672223775038766,54.27201520071207,73.07351638618245,14.581772840555189,7.585080320934691,5.724418954691051,0.7849765824741716
19,76.13767556208454,115.38164648021764,60.20927599399171,55.17237048622593,74.81296758104737,20.4287379280594,-5.007424394354966,17.150156789224322,0.7873722122909682
19,78.82411069413084,116.9782487025048,62.51315003443076,54.46509866807404,73.77049180327867,17.987650084309355,0.9568013257585305,5.984763598245687,0.787919471295322
19,76.1565872694696,114.45554295051863,60.31019659441743,54.14534635610121,73.66071428571428,13.567096804492786,7.449757378123186,8.244283374792015,0.7860749721366805
19,78.34095514009138,117.1531668179997,62.42009322664553,54.73307359135418,73.13829787234043,9.256670590078407,-1.5378464110795267,6.452057295928829,0.7851342514264614
19,76.43317191334022,114.9230634381051,60.372387345262695,54.55067609284241,74.75083056478404,12.788884062167217,0.8087511276417789,5.9389366078465775,0.7818291156008517
19,78.56579020194495,117.36826782515742,62.75163332202381,54.61663450313361,73.9247311827957,18.167266904431678,5.894821671915706,5.731109558817709,0.7918510879123395
19,75.96346717683903,114.76295409806751,60.31463806088117,54.44831603718634,73.72654155495977,16.74307553923101,-2.3150518478857256,6.564138832438402,0.7855491811448019
19,78.69748816182961,117.09648710990449,62.41881851847027,54.67766859143422,73.58953393295175,16.799470891138846,-6.979954782689327,7.993006703081226,0.7865774334454302
19,76.50778576575343,115.57255767320417,60.43405741748064,55.138500255723535,73.3985765124555,20.41551832380826,7.4213815290091,11.97009708992824,0.7884739424287998
20,67.39253994348476,96.24106776737472,37.90489873210074,58.336169035273976,94.45843828715365,191.05992079275373,4.246223133392821,36.519526583552,0.7232697601450063
20,66.15769733508316,94.27377475936495,54.51283472334666,39.7609400360183,83.19112627986348,19.047123126821123,8.026115739664487,5.580770560284605,0.7839592300331931
20,67.66276409638776,95.73498356091856,56.12026945339449,39.61471410752407,82.97872340425533,18.96742770144302,7.386346370315898,6.34203138918739,0.7847092313204199
20,65.85871730772749,94.00991426062961,54.4554692164962,39.554445044133416,81.66969147005445,11.69995251652284,-4.815282955517945,6.173591725357991,0.7856661063546689
20,67.96543272738191,96.2203549388461,56.172571064143135,40.047783874702965,82.76740237691003,12.369077687533412,-6.844708591598888,6.715441800909611,0.7851606307717565
20,66.19611127170582,93.99422394552403,54.537721437397174,39.45650250812685,82.55715495342929,17.983555933787656,4.072584877151204,11.846287479407488,0.7846582597879523
20,67.72160488479759,96.0898956044627,56.10681608903829,39.98307951542441,82.00168208578637,14.922283880593419,4.764807000648413,6.056492826813841,0.7857043904168786
20,66.07848423390026,94.22312429245387,54.51713100864238,39.705993283811495,81.81818181818183,13.597385369580772,1.4052628643782696,6.259472825745059,0.7860985309847907
20,67.86614895151551,95.61400756166634,56.135402200167114,39.47860536149923,82.20910623946037,14.769230769230784,3.070271136740034,6.400443329702305,0.7868935086108524
20,66.00922274741507,94.65446633289248,54.45610563509834,40.19836069779414,82.07070707070707,13.510460553907794,4.592451645388721,6.957781786092345,0.7844780251481893
20,67.5802014636897,95.62697722035071,56.03259052502341,39.5943866953273,83.10249307479225,8.717797887081353,-4.743463265368717,5.764818072170478,0.7846055922796932
20,66.27937681366983,94.04469219761717,54.521322716503086,39.52336948111408,82.20910623946037,11.805123749692859,-4.801088016106382,10.448594547175826,0.7826902033018365
21,89.4516625400954,128.23839214655908,73.51748028218456,54.720911864374514,66.48936170212765,33.52372294361116,-24.958090507468395,18.948083530179492,0.8896962141108341
21,87.31705671429839,125.95585791989623,71.28095380528991,54.67490411460632,66.80161943319837,22.131089534113364,-16.14426754775501,9.90705710587406,0.8919999411294116
21,89.51260444661095,127.99945026075653,73.4092694343252,54.590180826431336,66.53225806451613,25.319120269860672,-3.3230550912949717,16.182449453458585,0.8952681726466873
21,87.20834105317886,125.99320668519019,71.09902833301712,54.89417835217307,66.72597864768683,14.400000000000013,4.778761713226279,6.532199402145064,0.8905824087686924
21,89.55113523958757,128.59388166996862,73.44661808533479,55.14726358463383,66.19593998234775,22.35710177997139,12.630428738141978,5.347260274432167,0.892444005408623
21,87.05661880896292,125.65163395094645,71.06165180937344,54.589982141573,66.72597864768683,36.345013413121755,17.39039581135291,17.45534637123259,0.8876442676658827
21,89.27709776803486,127.40242637336247,73.30200122827631,54.10042514508616,66.13756613756613,17.600000000000016,13.552155603875196,7.505611871363656,0.8942438044539139
21,87.19191334445534,126.31461836408211,71.07644075008238,55.238177613999724,66.07929515418502,15.69713349627888,12.134002282054007,6.648151406647059,0.8951449250979177
21,89.34732324089508,128.8988114748037,73.43085963927439,55.467951835529306,66.66666666666667,21.540659228538033,13.468994974643472,6.893099230867997,0.889975400488694
21,87.02188471672743,125.52358351948108,71.15009278670777,54.373490732773305,65.96306068601584,25.31086723129019,9.352388696385127,16.04886759497143,0.8910173608316909
21,89.28459168847498,128.0185338933157,73.38935732685361,54.62917656646208,66.37168141592919,29.502542263337244,2.9787357410955098,12.154809401037904,0.8928509571616615
21,87.2956988967476,126.6703113562542,71.04881355624578,55.62149780000843,65.55944055944055,21.226398658274547,4.6714832797568135,9.524333812359442,0.8914840343472699
22,80.26305417963869,118.43941776413477,64.40020610050374,54.039211663631036,89.43781942078367,12.777531299998778,-17.378986583055227,7.603809466823056,0.7830194794695294
22,78.10831907562921,116.61324154168645,61.83282762445771,54.78041391722874,88.9077053344623,13.38899944441138,-6.3225302902778395,7.817700932829727,0.7845488302494924
22,80.11379429891528,118.85034313892021,64.4136702640747,54.43667287484551,90.83044982698964,10.34901158644277,-0.6760767578486664,6.209549156938634,0.7802871275802064
22,78.02881607770475,116.50814458303492,62.02198933901177,54.48615524402315,89.28571428571429,16.83533698589283,2.1622595570659384,6.546577525997164,0.7841621427892755
22,80.15721546669197,118.42674402306969,64.40907041056403,54.01767361250566,89.66695132365501,8.339725439615089,5.58970780878354,8.108301659005674,0.7859165368329575
22,77.89086606292858,115.99313628588376,62.08377651299531,53.90935977288846,89.51406649616371,12.892016197346805,3.355547773674053,6.827796390734566,0.7835466744696379
22,80.20546589508085,118.36509540121936,64.17051813350794,54.19457726771142,88.98305084745763,9.284615319583944,5.915151073681347,6.972267515076566,0.7878360073084409
22,77.86599940410792,116.4052374775652,61.92736461972232,54.477872857842875,89.28571428571429,15.11857892036907,6.966801694296336,6.782323214759475,0.7838635365010411
22,79.98181065870143,118.58363505185861,64.24019732122224,54.34343773063637,89.13412563667231,11.65490174535491,-1.5296855381288532,6.394484373051383,0.7828570119202263
22,77.85095809930327,116.55011449594352,62.11234548050223,54.43776901544129,89.53168044077135,11.380456620865784,-9.573325070455583,7.314245878194732,0.785131015365486
22,80.13004900383348,118.78399738539879,64.09805925363415,54.685938131764644,90.12875536480688,12.892016197346843,-10.896370828215916,6.492410296758316,0.7845038583116773
22,77.88956456493142,116.27848388746769,62.05476596443074,54.22371792303694,89.36170212765957,10.675166681296792,-12.073595719787068,6.499008212521522,0.784199574176056
23,74.84836555507134,111.48621604551178,59.339646413524925,52.14656963198686,64.04782237403927,16.95169608033364,-10.414807696007697,8.142820646262802,0.895562475504057
23,72.23880879651085,109.40973859888328,56.85195943785514,52.55777916102814,63.9386189258312,18.60752535938078,13.439231410491892,7.3138115568569635,0.8917810312511261
23,73.68227367829347,110.09992990317804,58.91748470086425,51.18244520231379,64.40839694656488,23.58488739808282,-6.972836058861475,15.993505130412869,0.8865601299765263
23,71.53108854595767,107.922336307312,56.89833394017065,51.02400236714134,63.98104265402844,19.51510968897788,-6.171292818544861,6.000722512372771,0.895336771324843
23,74.7839825324341,111.97214008707586,59.1819054138806,52.79023467319526,64.04782237403927,23.583044756773855,-13.768257739332071,10.956726612216325,0.8944084155296355
23,72.47438852412894,109.54838035927007,56.91943564402826,52.62894471524181,64.59948320413436,20.38038272457117,14.11580146152252,6.936819092302674,0.8919564708256221
23,73.6972706189426,110.15654665906682,59.0197190044548,51.13682765461202,64.26735218508998,22.641554716935826,1.4684925823752912,16.50041581979374,0.8891190361418431
23,72.40957376739826,109.40988760098091,56.922576359541914,52.487311241438995,63.88415672913118,16.079800993793395,-15.85097128838733,7.0835888079403695,0.893613941862153
23,74.76634750877777,112.05019437272631,59.07990332980477,52.97029104292154,64.71095772217429,28.045677028732968,10.62733848684388,23.43830177869651,0.8939050310442039
23,71.45606703149302,108.12059392037973,56.92587751919866,51.194716401181076,63.20224719101123,13.06394529484359,0.03402632643787844,6.269967942626407,0.8926655350956264
24,76.31487199629564,96.2934207782868,67.83419984934518,28.45922092894162,74.13509060955518,14.173527750312836,-4.850953991807663,4.46717043224335,0.7854584052926001
24,74.80927323837271,94.72955730180207,66.57407890521756,28.155478396584513,74.66063348416287,11.994489092705907,-1.2181839023471117,4.037510794784739,0.7864517633555758
24,76.17186837052756,96.392656275002,67.80244195555463,28.59021431944737,74.25742574257424,10.832051206181243,-3.4810576791330723,4.365096258637906,0.7841234914306564
24,75.03942118034587,95.05057745173947,66.58636863246454,28.46420881927493,74.12398921832882,22.321468004687695,1.1327804356782019,5.934294104158395,0.7848588685014446
24,75.89889807294603,96.1271417706751,67.8572071496089,28.2699346210662,75.06824385805278,15.045935174965239,-2.7516262860186593,4.7527234257182815,0.7844129357009562
24,75.14767202792073,95.16878889936855,66.67317656309821,28.49561233627034,73.89162561576356,18.330302779823324,-3.4808097950991015,4.312470502573594,0.7851190103501245
24,76.05345319305333,96.19130794226588,67.77367531551873,28.41763262674715,74.25742574257424,12.29929783657289,3.0615133642672663,3.8775745431366007,0.7863764303452773
24,74.96049109262202,95.08729993320279,66.59110998706308,28.496189946139708,75.12520868113522,9.706813185707333,2.770390151717139,4.5483560449959795,0.7837182368966783
24,76.13057855411624,96.05662321764385,67.87634582296421,28.180277394679635,74.25742574257424,13.211565181516292,3.9880641396493712,3.3075699384777253,0.7854859991092819
24,74.769866410518,95.00416142846251,66.61794043821921,28.386220990243302,74.32432432432432,25.172462981638933,-1.2724175341650148,10.74951798671635,0.7861958530454296
24,76.30966575264989,96.0964758031508,67.88599639107825,28.210479412072544,74.31874483897604,12.418624006798073,-0.7199708466870086,4.794108761610568,0.7852532469731889
24,74.90509855353649,94.99326489909352,66.6861263688425,28.307138530251024,74.25742574257426,15.999999999999979,5.090681943837812,4.73028498717895,0.7874176879043145
25,100.60652742008035,134.66156679113234,86.25748390859097,48.404082882541374,109.93485342019541,9.449018500208584,-8.117492310050212,5.845822683826004,0.6709453904515157
25,98.29792049959943,132.56455421795013,84.28411844104596,48.28043577690417,110.96605744125327,10.648196234338608,-3.432922227872033,6.1396991788312025,0.6675845660875798
25,98.63773674211268,132.68944330248965,84.20667152263165,48.482771779858,110.20408163265304,8.62955015064337,-3.9930961887182796,5.0264366443395225,0.6656719343577693
25,100.21131897372211,134.18575425121048,86.25440740950884,47.93134684170164,109.7246127366609,8.651659440400103,-0.5653919661140502,5.7427279030222556,0.6642718790488746
25,98.25902337183338,132.2685201397415,84.19991376933288,48.06860637040862,110.02444987775061,14.666666666666671,-9.636182343729175,18.670411060804554,0.6675756638989504
25,98.22917244999893,132.43337452013733,84.16089853309163,48.27247598704571,109.25449871465297,10.606520159609076,4.009519933459671,5.9431184114135105,0.6800584507168735
25,98.54059931148626,132.75809656519064,84.19352795835765,48.56456860683299,110.29411764705881,10.327955589886454,4.682564090825296,5.560692537154047,0.6707983031621253
26,77.03903949735502,104.99539107335724,65.01044691469116,39.98494415866608,57.989690721649474,26.398653164297798,-7.269210863971286,14.409879711221851,0.8944320398240782
26,74.80389215139516,103.69591746399786,63.164816915486675,40.53110054851118,58.089500860585204,33.82452904967193,7.966754702541948,18.26047899175888,0.8920191723618672
26,76.49219267347262,104.40558090292168,64.82143343674421,39.58414746617747,56.92599620493358,37.25587202039435,2.5880155893612957,19.640121898556192,0.8917610865093066
26,74.9896299685097,103.68354078612866,63.28798538289204,40.39555540323662,57.20338983050847,34.44946200013526,1.6654548813767525,15.320784979257803,0.8938400874409439
26,76.32748992575631,105.33013471266521,64.86541317279553,40.464721539869686,57.69230769230769,33.226495451672335,-5.043440360884958,18.202039180073147,0.8949726568418132
26,75.25000583200016,103.25069259579128,63.175146820038954,40.075545775752325,57.79109589041095,20.230767425317428,-1.330595345918152,5.431432234636293,0.891360275960687
26,76.39895644707346,104.74451552845596,64.80203723935243,39.94247828910353,57.349192863211556,17.599102109531866,5.476115186637354,7.891387159082108,0.8934028476315259
26,74.821406205552,102.80893293539587,63.15136613424532,39.65756680115055,57.58157389635316,23.91652148620282,-4.88019444405856,18.042815129128748,0.8920299968124944
26,76.88403355349732,105.40766897865012,64.80907352313933,40.59859545551079,57.349192863211556,43.127144784740324,5.029077123697577,17.764620211607735,0.8943703540438509
26,74.41414351554599,102.91056074498135,63.138556876416295,39.77200386856506,57.69230769230769,39.19183588453088,-1.586063653225597,13.499023419225303,0.8959457503776106
26,76.90626496455523,104.38629038584452,64.88599404302752,39.500296342816995,57.5938566552901,27.91167727663573,-8.187530321686753,18.159268365804568,0.8922453239207689
26,74.82023444171658,103.74022961834291,63.15147121111401,40.5887584072289,57.397959183673464,12.507775359529157,0.807324994158437,5.455506979427546,0.8933468080407245
27,80.12588487505316,106.94051353515654,69.05204510438806,37.888468430768484,96.23609923011121,21.35998335413419,-15.235203207386949,18.591916904245778,0.785018837308889
27,78.72260769864297,105.28673485556676,67.45305978051493,37.83367507505183,96.93053311793214,13.228756555322963,-9.730155901109226,5.976375346434011,0.7832292197186442
27,80.228650594183,106.91666768668453,69.09080624267244,37.82586144401209,97.06643658326144,17.39680685898678,-1.4075012033560366,5.795658606195101,0.7813038849118068
27,78.63372689524105,105.12709229601757,67.50825992601634,37.61883237000123,96.81583476764202,13.020325990115962,3.0187266723506863,5.637091660137722,0.7842255175294343
27,80.13767941680979,106.83519449205983,69.10294929141408,37.73224520064575,96.73258813413588,9.17581361817881,3.7124583887038636,5.569239220272572,0.7824695486642288
27,78.29860612421406,104.72981185895408,67.50280759058089,37.22700426837319,95.80291970802921,10.222025039999048,-5.997622551244812,5.681092122110401,0.7836397886928609
27,78.5774778152743,105.50661546039407,67.51372562394138,37.99288983645269,95.98976109215018,13.659998373190092,4.67632817333875,4.409908668049697,0.7855251555852328
27,80.11834485937636,107.08780678814072,69.13556559034177,37.952241197798955,96.483704974271,10.719867329195626,4.805469006160251,4.992109969522082,0.7838866979108253
27,78.49742185868779,105.44889622467518,67.52539131743991,37.92350490723527,97.15025906735752,11.007875968293499,-0.5242938236120991,5.22100410140892,0.783704223316127
27,80.1281657335263,106.70058880364257,69.02853778423784,37.67205101940473,96.2360992301112,11.853925744476207,-4.382160116307935,5.43115793554439,0.7815404221254255
27,77.76296905717042,106.10051566632904,47.514746292303094,58.58576937402595,89.97429305912598,152.40868795204983,-12.678542703790466,13.075334236464634,0.6875198532522495
28,81.16118642969111,108.63491840722078,69.61622220218753,39.01869620503325,58.290155440414516,30.868898407440632,-6.939203869528381,11.76807019235634,0.8958004799107647
28,79.21287038678152,106.39539429784425,67.86432594948272,38.53106834836153,58.13953488372093,19.229606802474628,8.032428388669413,4.4544039117756835,0.8918096065275839
28,80.5673736409191,108.3832767729475,69.60565490322882,38.77762186971867,56.764427625354784,41.07310555582568,0.823813434241476,11.272886506978743,0.8951743811396736
28,79.44186914009425,107.1692855698148,67.84730805716654,39.32197751264826,58.18965517241378,17.051845416223017,3.3233901149698224,5.098407768944199,0.8913443098262233
28,80.30377188981655,107.70226990452183,69.3406388274962,38.36163107702562,57.36137667304015,27.34958866235471,-3.443130211916404,6.269440261789672,0.8940177040673241
28,79.58560644994932,106.8983879265016,67.90807068476028,38.99031724174132,57.54475703324808,12.507775359529155,-5.170459226237554,5.515730869962371,0.8916009107229772
28,80.74995126796432,107.70175959219927,69.29516431814571,38.40659527405356,58.239861949956854,30.586045393929368,9.569298099402545,18.27005854219211,0.8937458674924815
28,78.81016450885168,106.68338364820454,67.8811417891172,38.802241859087346,58.195926285160034,39.686269665968894,-4.529357142414482,15.293561275528456,0.8921992836319705
28,81.0820053357507,108.09169947408814,69.44745976124722,38.64423971284093,57.54475703324808,23.851391759997778,-7.038661945618296,4.21774920431314,0.895487068187849
28,79.21171867778665,106.8845094049711,67.82457021939,39.0599391855811,58.03955288048151,38.969440385391984,6.753420238020353,15.1836824461648,0.8927504378950999
28,80.49741282952152,108.11119327391093,69.4548532590588,38.656340014852134,57.74783445620788,17.175564037317685,-3.3402079168007104,4.8007617119172155,0.8932973441193952
28,79.47260664330368,106.76347738705054,67.81689274384304,38.9465846432075,57.44680851063829,16.486432880881267,-3.0617311796588007,4.836163295252033,0.8927969646314724
29,80.76042360862259,108.70498225463118,69.09121448694037,39.6137677676908,72.05240174672488,11.545096630100042,-14.704000951236365,5.140832416359759,0.806807053068101
29,79.03866196594122,106.54257291001423,67.46135425506874,39.08121865494549,71.61458333333333,11.861459222036439,-11.61869805002589,4.156595168564908,0.8115008621662664
29,80.57124540954608,108.67784372119287,68.99678991426468,39.68105380692819,72.5593667546174,18.768709673547523,-14.70983488051371,6.232625616534744,0.7907007963219614
29,79.10701133080066,106.97910926392738,67.46705887592557,39.51205038800181,71.98952879581152,12.212985908179403,-15.905628253102606,6.015089683150666,0.8064266554918191
29,80.63202617498213,108.71320356673154,69.05192620429618,39.66127736243536,72.24168126094571,21.79392591094064,-13.2209775328558,5.698989102897052,0.8193245620454788
29,78.99100455266532,106.81929467351372,67.34573535640375,39.473559317109974,71.98952879581151,15.933747127423011,-15.38334324451742,5.198414387938359,0.7955187185543597
29,80.97965531836788,108.76080643397837,69.04278491790883,39.71802151606954,73.17073170731707,16.81269361722462,-4.688526399083405,4.6535080335299295,0.7924145705579894
29,79.043686870505,107.30542066824334,67.45059813753082,39.854822530712525,71.86411149825784,21.647819732563246,8.024391968144744,14.909319277903343,0.8182451500423842
29,80.61817887812686,108.24066771872293,69.09070853232166,39.149959186401276,72.36842105263159,15.359063332322071,7.3054960093424155,5.325736248568886,0.7945934014438786
29,79.0703986803838,107.06110663077119,67.37485756725548,39.68624906351572,71.3667820069204,20.596076012372812,6.3901481993450675,6.050228579107912,0.8336422963677732
29,80.6089389729317,108.90533380789596,69.01952823026829,39.885805577627664,71.86411149825784,13.33112929441698,6.1903835383970085,3.8704947335890756,0.8224223818768994
29,79.03428923047498,106.85853498235427,67.45923371791207,39.3993012644422,72.30499561787904,16.03302377094442,3.9281142586708757,5.32835052580091,0.8150317607478023
30,79.62332841904967,100.04014697482576,71.27983124066347,28.76031573416229,108.05084745762711,9.12504443748954,-10.466591795232018,5.00180989108049,0.689042391872241
30,78.53856167628791,98.75558550323827,70.0538973660046,28.70168813723366,106.60535117056854,7.732553753014066,-7.969424877530507,4.281710941969395,0.7136640643235157
30,79.66255406064839,99.89363116620747,71.30154879168865,28.592082374518824,107.68581081081079,14.242584423926145,-3.981577836469205,4.361318972181846,0.694086307944694
30,78.50482810374892,98.71179577192,70.1675084714472,28.54428730047279,107.14285714285715,11.313708498984726,-1.429978470855472,4.6126297094530475,0.7149361662737104
30,79.65648885845931,99.8481905887278,71.2698975439572,28.578293044770604,107.95935647756137,11.016188151265512,0.9008054757932908,3.9644442679469725,0.6866812563597663
30,78.47065211254221,98.57084986637759,70.05972160649742,28.511128259880167,107.3232323232323,10.585620592190077,1.77300860126828,4.867124761004924,0.6939876174288032
30,78.45639703288569,98.6984978904449,70.10095529787483,28.597542592570065,107.95935647756139,11.997692973159475,-9.548425865197284,4.58981324463875,0.6861375067501149
30,79.71885442620862,99.86036858617376,71.29516177904978,28.565206807123985,106.78391959798995,9.712831736729512,-5.818737603925244,4.540268785481487,0.6993295566595994
30,78.51792170028115,98.74597054355515,70.05161229436303,28.69435824919212,106.96308724832214,9.051945440786476,-0.143212716747821,4.779793845739441,0.700149264859225
31,102.73308750583256,129.76353610224484,91.38334865084117,38.38018745140367,85.995085995086,17.67738091229486,-7.070871342625131,3.9678118626956334,0.7833683105551177
31,100.88174036736842,128.13906433412748,89.75736376149581,38.38170057263167,86.05472197705208,9.846153846153854,3.009137083860912,4.889490314080632,0.7854288814358353
31,102.38867136932802,130.05751933571918,91.17074887548235,38.88677046023683,85.5263157894737,14.167217763964722,0.47093090031066887,3.9461146388461454,0.7848040756052562
31,101.08506776227144,128.41020526299585,89.56565719115187,38.844548071843974,86.84863523573203,19.737046901909167,4.377687641590923,4.215056373285305,0.7864552275947897
31,102.28594402603093,129.3431006248559,91.22107562780877,38.122024997047134,86.97591436217662,12.611631711950242,4.44756914113034,4.466263843637227,0.7818070461497011
31,100.97611006900945,128.23869200034605,89.72862667736281,38.51006532298324,86.41975308641976,7.515969393123366,0.5048993252683597,3.391173381722236,0.7867143270599549
31,102.42024452922905,129.5216241828472,91.30245731220155,38.21916687064565,86.3596102745793,11.67610212985246,1.2848519385675934,5.221184985550774,0.7820990360030083
31,100.70995435358695,127.89679429793318,89.71754516279107,38.179249135142115,85.5263157894737,11.900972065116129,-6.143218349942151,3.9931893907977933,0.783492905548759
31,102.67686616184368,129.53027382737363,91.24942300116408,38.28085082620956,85.92471358428806,14.635712542703631,-5.197374155148157,5.047518367697969,0.7863712862993012
31,100.95787010517293,128.28936371774117,89.65665993632219,38.63270378141898,86.51286601597162,19.692307692307672,5.46086727502161,4.2745503812205135,0.781207271712121
31,102.31366408366208,129.84099136865706,91.21647134698557,38.624520021671486,85.90308370044055,11.479851142263168,1.5709224143908307,4.123705831439995,0.7847370135479508
31,101.15500790177802,128.1450925966922,89.62175579887577,38.52333679781643,86.9205298013245,13.327890045360652,4.412591259928949,4.52621715737755,0.7828871699163318
32,69.08044605046618,102.49721238792183,54.978325507891014,47.51888688003082,92.44042728019723,10.062913207527053,-1.6300666642690762,6.570638377358576,0.7837111556685559
32,68.58420206368389,102.1337937892231,54.71307095777446,47.42072283144864,91.78321678321679,14.319958955590488,-6.340850443618876,7.500533055705473,0.7840172063442453
32,66.88154891765215,99.97362484649892,52.88195205011785,47.09167279638107,93.12913907284768,14.271027370943642,-3.6434550153879646,6.788695889050232,0.7826536809632432
32,68.4685185215338,102.23993297546353,54.78492396981604,47.45500900564749,92.34828496042216,18.926280184776225,-3.8259209997215793,10.277520447217084,0.786857727845449
32,66.96889372040741,100.41983497951959,52.79123422781298,47.628600751706614,92.4404272801972,10.877908295664616,-2.2489703896401845,5.848318771761073,0.7849990772441118
32,68.86663424948976,102.65455287694374,54.808422709448024,47.846130167495716,92.18612818261633,10.301575072754265,2.4915658322594236,7.388864880988247,0.7831212347435612
32,66.41072358236298,100.11074791057264,52.703543660112175,47.40720425046047,92.42957746478874,7.317856271351833,-2.8598899776108593,6.27112156488652,0.782612988438969
32,68.98873919794518,102.22748455795461,54.80020870247258,47.42727585548203,92.51644736842105,13.215479139588137,-1.0763663245327588,7.0142610040912015,0.784677397126698
32,66.56265035403877,99.90634359527033,52.85393454543112,47.052409049839206,92.18612818261636,10.736168130317687,3.1193591417080135,7.3228098244348185,0.7847737683050736
33,77.25028379905342,110.18604936822157,63.33193440451909,46.854114963702486,61.830173124484745,17.176728442867127,-4.629809612379215,6.724489666065783,0.8905752095103969
33,76.65325654831184,109.96800540319491,63.18921323092907,46.77879217226584,61.53144940747494,10.958958227500412,7.898955211693113,6.482642030204556,0.8930155289961326
33,77.17087717527636,109.86487599973809,63.279891965157724,46.584984034580366,61.07491856677523,19.530488985173942,-3.9588667833480797,6.275400171829376,0.8943270837515785
33,74.8240839465593,107.4556619701654,61.2424448540207,46.2132171161447,61.75663311985362,30.43065381088656,10.895041182013362,5.147651884454727,0.8941876975478836
33,76.5209543848187,109.2807374814569,63.17101629937679,46.10972118208011,61.30790190735695,25.577768124334526,4.373510055606234,11.701957769598788,0.8933297431549755
33,74.69223980324361,107.8646509067649,61.31423348454246,46.55041742222243,61.141304347826086,29.211869733608886,-7.0057471185102855,5.8446603073792405,0.8962224447539906
34,75.11867649170088,107.892081946365,61.14826418061124,46.743817765753754,98.6842105263158,9.380831519646868,-6.596738486299177,6.86772126917798,0.7853751724012376
34,75.02333256965426,108.42038308087021,61.092790351564645,47.327592729305564,98.28009828009827,8.817596044274206,-2.451857240363646,6.257200070760409,0.7839875423934528
34,74.90026272971748,107.73789304104453,60.97859415929162,46.75929888175291,99.00990099009901,8.24621125123533,6.512827027847657,7.06531780913473,0.7841115633837965
34,72.73798174881064,105.83257197972986,59.14343182409016,46.689140155639706,98.85764499121267,9.629584045476163,4.763497980373865,6.349577055933193,0.7845808975372451
34,74.91105290211159,107.87017766553383,60.95281862708352,46.91735903845031,98.9282769991756,13.028814220795393,4.577846039933454,6.9227023626975805,0.7837037498296289
34,72.75394846120197,106.13635686918963,59.21798776987015,46.91836909931948,98.7708516242318,10.719867329195626,4.343381215514942,6.741182900290566,0.779598534779048
34,74.73507917854923,107.99867205555681,60.97014480670688,47.02852724884993,98.9282769991756,12.399596767637256,0.19550507621309748,7.1372636412757515,0.7822416232040884
34,72.81011384956923,105.8040368904875,59.20247029918498,46.601566591302515,99.0316901408451,12.20855801841025,-3.058889461204303,6.080412934271891,0.7818407913544922
35,71.86768703148132,100.4892276546242,59.8082251416275,40.6810025129967,91.91176470588236,9.60000000000001,-5.830344114274755,6.372610449905178,0.7832373828644043
35,69.91016077081406,98.45476302713732,58.02852793323272,40.426235093904594,92.02453987730063,12.375090187261563,1.6888311950389294,5.978423149763731,0.7832975827465244
35,71.41886403915235,100.1086525961663,59.71757584702035,40.391076749145945,91.78321678321679,10.222025039999046,-4.497212840149423,6.194679594115991,0.7860445401684398
35,70.20704335326938,98.48587227835921,58.075559318113285,40.410312960245925,92.97520661157026,11.187294380481626,-2.148328869913155,5.237345806688807,0.7836949197290249
35,70.0885184163751,98.77812271531434,57.95393247139688,40.82419024391746,92.2887612797375,10.314175789767322,2.0821315590177,6.1871688659093405,0.7855510166485639
35,71.61201966021378,100.09811525641243,59.832422270870545,40.26569298554188,92.42957746478874,10.411924090450636,8.301079474178772,6.223948279176055,0.7839824328336485
35,69.74123085434772,98.28023591596383,58.089465935323375,40.190769980640454,93.43853820598007,11.853925744476205,3.010175425653422,8.649839812035918,0.7822743691200619
35,71.81571729541004,99.86423709380881,59.70935331682797,40.15488377698084,92.42957746478874,12.4146062756574,4.2098849677759995,6.823985576860537,0.7854205700372789
35,69.70405213734357,98.35236912443025,57.982573687703784,40.36979543672647,92.34828496042216,14.868127807151657,3.9930161348784217,6.634117185610602,0.7847550869628094
35,71.76463794609992,100.49671794153399,59.700480475125936,40.79623746640805,92.28876127973749,12.20855801841025,2.1057323588780545,6.313581729538117,0.7825500598598817
35,69.9386910249119,98.33260406504026,58.083287046829135,40.24931701821112,92.42957746478874,7.917946548886303,5.995129799522125,5.743009184885934,0.7826775036150189
36,70.8341738278818,108.31951076929062,54.731460852956346,53.58804991633427,62.8140703517588,8.908422980528043,-3.9455956138663355,7.277087988177283,0.8949029178573944
36,67.52514008346161,105.33477171567263,52.30945520715838,53.02531650851425,63.38028169014085,35.77708763999662,4.763815030639035,24.506769375951283,0.8938488782614088
36,70.31017037619368,107.28514018857213,54.28110607630586,53.00403411226627,61.93228736581339,18.744599222175964,-2.878801467599538,7.857076095519436,0.8964451465033908
36,69.88719941979417,108.00680264732217,54.715650964642954,53.29115168267922,62.1546961325967,17.68866554856212,-8.836495657748955,9.009679249147569,0.8938793795171563
36,68.41821746849125,106.059839116428,52.27932693012442,53.780512186303575,62.76150627615064,46.130250378683186,-2.0001856519359014,23.451009291551788,0.8912893718201741
36,69.55941485449891,107.45691614415978,54.32754278998757,53.12937335417221,62.674094707520894,34.563950391508584,-5.332711106174945,21.91479042789683,0.8923555127761217
36,68.52749314595987,105.90302629118058,52.53479475722787,53.36823153395271,63.07821698906644,25.41180827882972,-4.915686855203281,7.077186186065775,0.8909570432084445
36,68.18683152466346,105.50047143066938,52.24419368033688,53.2562777503325,62.292358803986716,15.263027222671123,-0.9451062006925954,10.889586467377823,0.8926594175548025
36,70.009015514315,107.41550249803214,54.60764000448748,52.80786249354466,62.269372693726936,23.584887398082834,5.410498164209174,14.807989861339141,0.8938531893833047
37,65.46909874019728,90.2533904619438,54.93061321083574,35.32277725110806,63.23777403035413,31.025151087464494,-2.3862269791523536,13.595632012836806,0.8947860547987682
37,63.227483942467416,88.08426339124695,53.502147198544826,34.582116192702124,63.20224719101123,14.11067365901113,-2.2539929987706677,4.7078737702205125,0.8937959588294052
37,65.52405841935182,89.9793051814313,54.97047821628215,35.00882696514915,62.8140703517588,19.983993594874867,-1.3137166488560077,11.524742394583454,0.8949940169808919
37,63.15784499638769,87.89662159593203,53.39225681158354,34.50436478434849,63.320825515947476,17.73327763845332,-1.3864083767963118,5.124652753115934,0.8943366008650886
37,65.47878993996771,89.94896727545441,54.85650915508972,35.09245812036469,62.44796003330557,27.816541841141923,-1.5320672261160135,11.783813406964766,0.8964411035429408
37,63.30441974919904,87.92835753670542,53.36969334319267,34.55866419351275,62.442183163737276,32.31939371146284,0.8029353516431217,8.108000448289806,0.8930365802911314
37,65.35508354556272,90.12483133189488,54.84605368823824,35.27877764365664,62.447960033305584,33.83725757209055,-0.466434330806615,16.03105238281685,0.8951127867977434
37,63.47425704049645,88.16771119291832,53.25206468439277,34.91564650852555,62.55792400370714,26.24857432930382,3.73237289880544,10.390976469892303,0.8933741212026425
37,65.17743805140431,90.08281732103448,54.701170031223796,35.38164728981069,63.02521008403362,22.342784070030287,3.9692789036274974,12.892617291291325,0.8948738693067936
37,63.51948558014287,87.87151534928711,53.396805252668294,34.474710096618814,62.55792400370714,14.820739556029388,4.385323450411273,8.796558854392535,0.8948752154606108
37,65.04607627963838,89.83283118199466,54.77419886534813,35.05863231664653,62.919463087248324,36.45051439966244,0.8699126545648602,17.374346901663426,0.8923913421443518
37,63.68104268957066,88.15706818123373,53.44846141546896,34.70860676576476,62.90773532152843,19.876159799998117,1.0701697241834012,12.43071896117222,0.8926023523621102
38,76.63240957612373,108.83787578447067,62.85518402777043,45.98269175670024,99.83361064891847,6.85565460040105,-3.6688061309970585,6.35618733779057,0.7844373555921709
38,74.32090778881464,106.86133329671883,61.03287734646251,45.82845595025631,99.66777408637873,22.891046284519202,6.189788087779838,16.096579337556534,0.779300767854643
38,76.0213205347002,108.15791151284843,62.764240038564836,45.39367147428359,100.4464285714286,11.562391140628703,-4.671175664641575,6.162582349586476,0.7807657426543639
38,74.7241201007876,106.986393780761,61.126888071906045,45.85950570885496,99.42004971002487,10.943034314119656,-3.2623067748533097,6.4980053038936,0.783265619274809
38,76.17539593053964,108.45261912517371,62.80996736740161,45.6426517577721,99.75062344139653,9.04157066001257,4.629252207192238,7.1756524393166154,0.7832914500058968
38,74.16052614979968,106.34113206354961,61.09246461983278,45.248667443716826,101.16906474820145,11.635959588944772,-6.513992706246823,6.181837978714368,0.7849560699500416
38,76.4241421038958,108.96764239255747,63.061057055948176,45.90658533660929,101.01010101010101,7.211102550927985,-11.015926983305594,6.079018435484131,0.7850664561400842
38,74.53871535303546,106.98717845154947,60.927389195911914,46.059789255637554,100.418410041841,14.620191517213442,-0.7194603011505688,6.9586966818592195,0.7798898535481221
38,76.24596284765047,108.53844562525356,62.72524745335438,45.81319817189918,99.58506224066389,7.858116822750862,4.681763052092298,6.815773933613648,0.781876585137321
38,74.23649522653359,106.8426451609547,61.06017370630352,45.78247145465118,100.00000000000003,10.119288512538823,-3.98698759164124,6.955120588671468,0.7816881623985453
38,76.52846416845681,108.88293946077673,62.8768730584267,46.00606640235002,100.1669449081803,10.148891565092228,-1.833595596245708,6.521669993680877,0.7835719222372368
38,74.32721013356822,106.78798794825352,61.03029339024277,45.75769455801075,99.42004971002487,8.470537173048717,4.163470637726981,6.023875151775263,0.7832192153578802
39,97.46299466435033,124.29786570511983,86.09940290915168,38.198462795968155,80.57851239669422,19.46017021642081,-4.1498436977925195,4.114674971863974,0.7830598202994515
39,95.42269597019806,122.30103689243191,84.47835131833433,37.82268557409758,80.57296329453894,16.152055252780972,-0.4266032061763085,4.811313454907404,0.784879954280848
39,97.28247481417542,124.03600725829402,85.99370245246378,38.04230480583024,80.57851239669422,10.14918307844348,-0.8965629028637228,3.8181265989591804,0.78404963773631
39,95.53361186176782,122.43422940688475,84.3787733051226,38.05545610176215,80.78994614003591,15.60626654762618,0.8928687440598704,4.852377448227864,0.7869549845584369
39,97.12184462553098,124.01540378497953,85.95672970986575,38.05867407511377,80.77879038939518,9.332769777294223,-1.5116290288629515,4.242394172806674,0.7838353073853741
39,95.59476455147265,122.41470828690174,84.41572431806232,37.998983968839426,81.2274368231047,15.434449203720314,-2.8333869681514723,4.266063600215829,0.7827485458905228
39,97.23364721170212,124.25651614513737,86.08176345058124,38.17475269455613,80.77879038939518,14.666308046539074,-0.008526683647504776,4.2260026233824775,0.7818307212437337
39,95.64394410664649,122.44637955022412,84.53287448981574,37.91350506040838,80.57296329453894,15.818414023606245,2.173570640821614,3.9229323593766003,0.7819748018826675
39,96.96673481403056,124.22522193455242,85.8615121568088,38.36370977774362,80.86253369272237,17.00980109623078,-2.9583417930653564,4.008666224980539,0.784347544295893
39,95.80286073959533,122.33214551161733,84.39001500538997,37.94213050622736,80.8457711442786,12.215035840787214,-2.4915188082779633,4.4571793952831635,0.7825538946010001
39,96.90978312991768,123.82909307174954,85.87627388550018,37.95281918624936,80.50089445438282,14.17352775031288,-2.8243159061152094,4.347960566745027,0.785529346550997
39,95.90021311772888,122.41019392358957,84.54449815658633,37.865695767003245,80.5119735755574,9.332769777294223,-1.1855758245929435,4.6013145341341755,0.780627166275614
40,72.88497421681507,111.46456396885398,56.329990435536644,55.13457353331734,57.25190839694656,17.68866554856215,-4.258960343506763,7.073913596666266,0.8936041622149055
40,69.43493750817736,108.12396515207394,53.96656404176462,54.157401110309316,57.93991416309013,16.04930674246027,7.0827842778548185,7.141674934751137,0.8946639995000937
40,72.20753192679557,111.40556057606884,56.19115734725283,55.214403228816,57.97101449275362,15.459624833740321,-10.017855915201162,6.187924872927648,0.8928386229301143
40,70.26408397509003,108.70688133715988,53.69414950526942,55.01273183189046,57.93991416309013,48.75132160285192,7.585609169954237,20.895578209107246,0.8929799258632596
40,71.50265044747263,110.95687659408223,55.93973235422847,55.017144239853764,57.80346820809248,21.447610589527237,-1.9803296536409578,13.076764383736958,0.8903442133938247
40,70.29892745233926,108.95884548333078,53.71584545329028,55.2430000300405,57.74165953806673,32.31939371146286,-7.900177642854356,20.838713640593866,0.8953077304610129
40,71.97262571734507,111.0182249780162,55.762571341071705,55.2556536369445,56.81818181818181,25.57776812433453,3.0554025324795555,8.090012853792754,0.8941894139719013
40,69.83048918750994,108.91362374497973,53.751865276344404,55.16175846863533,58.083252662149086,33.33166662499794,-5.847764291130222,12.106566129917255,0.8933692575313478
40,72.4577613176983,110.84661868125129,56.068727912856815,54.77789076839447,57.74165953806673,18.645490634136042,4.807438327457712,6.234693558705833,0.8957199494010618
40,69.33757141147372,108.97744795504723,53.70272051097738,55.274727444069846,57.69230769230769,42.33202097703349,-3.1790721735385548,11.631783257989689,0.894823009951558
40,72.66059844994254,111.08925142760783,56.222239704918806,54.86701172268903,57.446808510638284,30.66344588561841,-5.4117732924588005,16.93153382104998,0.893902810222958
40,69.78765049964153,108.79541228452729,53.70885165771364,55.08656062681365,57.69230769230769,27.968235951204065,8.608231725473553,19.353275716053723,0.8932496724199245
41,103.37720133679186,131.00743468803185,91.5881385261979,39.419296161833955,104.8519736842105,9.149280985987545,-4.3805586790643485,4.2331587373700685,0.7643684103515724
41,101.41389263825428,129.49831684575318,89.86301988393062,39.63529696182256,103.80622837370241,12.806248474865686,3.6769595409861418,5.106341040785832,0.7579710538601957
41,103.01237785994765,131.0851613415092,91.53450736650171,39.55065397500749,104.25716768027802,8.231038816577145,-2.5304846716808873,4.0535497833028975,0.7683418159934429
41,102.98316905983813,130.75136608527097,91.5582683561274,39.193097729143574,104.16666666666666,8.485281374238564,6.569199476272936,5.2246630907833795,0.77772981284181
41,101.32663897855473,129.30677207637694,89.88792283816188,39.41884923821506,104.50819672131148,12.432795118703888,-2.6806547054705594,11.287425479455328,0.7768701927525228
41,103.26237202857864,130.796234888232,91.50932284983493,39.28691203839706,103.99673735725939,11.603602829118065,-1.8771911811709066,5.047787479964903,0.7745645681251534
41,101.36232088008339,129.22362860201295,90.02037333617574,39.203255265837214,103.44827586206895,12.328828005937954,-0.25649963438845674,4.671411984843392,0.7759076587988565
41,103.02370248955256,131.07154105084635,91.59250992137703,39.47903112946932,104.50819672131148,13.024331767621675,-7.774682582978584,14.898460715701226,0.7772116995563989
41,101.74372318085406,129.66958018316095,89.93815432148648,39.73142586167447,103.91198044009779,12.34341369280374,-0.9956643918693275,5.162790567753777,0.7819577422415214
41,102.97531962664496,131.05150332331706,91.60795011512953,39.44355320818754,104.62074978204011,8.351646544245028,4.852838172717584,3.7640613067689426,0.7646863880010447
41,101.36504008920798,129.2049042558227,89.9664015854673,39.2385026703554,103.71650821089023,8.817596044274193,-3.4066206851786007,4.49019021830345,0.7818820770170701
42,69.52069104666968,91.19663825078277,60.61399869857044,30.582639552212328,96.40102827763496,10.203267450511472,-10.911943032216959,4.241678924126526,0.7852374574120433
42,68.27286566470661,90.08664102910157,59.30950326871304,30.777137760388534,96.696212731668,15.483862567202037,-6.302118847364761,16.258455776942434,0.7778448543492097
42,69.55754512278028,91.22905320188389,60.61455833771892,30.614494864164968,96.54062751407885,13.481468762712774,0.3241720362702135,5.114535484813465,0.7800617538012291
42,68.17406005378444,89.33240397305735,59.253111146009786,30.079292827047567,96.40102827763496,8.365006475391008,2.6934126821561097,5.251227608418476,0.7855539948912723
42,69.43857684655985,90.8347330347239,60.550312769073734,30.284420265650162,96.2360992301112,13.215479139588137,0.6456012239047411,5.7632151786063135,0.7833159548814085
42,68.28006519272944,89.84949667809556,59.279969702150666,30.569526975944896,96.40102827763496,13.450154893779736,2.0749492248089094,5.374244064576927,0.7807737091174172
42,69.58171959139581,91.53232230056571,60.66125071836537,30.871071582200337,95.66326530612247,16.73001295078201,8.020451793687574,5.610977643328612,0.7827963058796892
42,68.14396910292537,98.07501863025077,34.17155175869762,63.90346687155315,97.0873786407767,38.00000000000001,10.595020622370864,32.64315091897288,0.723603263721089
42,69.28536078384185,90.46619768779195,60.477761479084535,29.988436208707412,95.33898305084746,10.799176923368856,0.3931031056533116,4.445281722162885,0.7823030372432367
42,68.14249140303322,89.53909895802724,59.24206085619,30.297038101837238,96.15384615384616,15.731073284002813,-7.738114992741701,11.846129817953114,0.7840866313646728
42,69.50792823136719,91.13829538473863,60.53219296287363,30.606102421864996,95.82623509369677,11.110755549866495,-8.239629291569898,3.7946926423978162,0.7857996066157709
42,68.23403800708346,89.76640035396332,59.313922350300246,30.452478003663074,95.50084889643463,10.87790829566462,-5.43705122232695,4.879423751331836,0.7841882542610182
43,81.71549475795867,105.51177628589015,71.59216134040783,33.91961494548232,81.52173913043478,16.897883344918146,-3.678141048744772,5.334394632292418,0.7838506499265593
43,79.82881523725018,103.87659008172336,70.16664938878691,33.709940692936456,80.28545941123997,16.478942792411047,0.461740299630262,4.373229971960135,0.7848946873115313
43,81.55776510818885,105.2928993264809,71.40559450262656,33.88730482385435,80.57851239669422,9.651930548528082,-1.3932009805202779,4.757991248485152,0.7838350212063814
43,79.87908562026908,103.7518072429778,70.15231040109033,33.59949684188747,80.78994614003591,11.234866364235154,-0.7987197864350181,4.647377069408525,0.7832736830428271
43,81.54701651318706,105.60016491087787,71.36876405587925,34.23140085499861,80.5119735755574,17.707685624539288,0.6084205312789133,3.903983256833482,0.7868245328747904
43,79.95722977976138,103.73971530042917,70.12679035011826,33.61292495031091,80.64516129032259,15.663120165960986,5.140109965898339,5.513881320813586,0.7849849308917576
43,81.26860504706987,105.30510892838522,71.4052007310368,33.899908197348424,81.11480865224627,22.760913241731625,-2.077115235021519,8.722174869438794,0.7842115592809327
43,80.23245972594935,104.47617275872412,70.05670474332526,34.41946801539886,80.28545941123997,10.04434611554625,0.07389740659825907,4.637329642408718,0.7820099458661727
43,81.22105200180012,105.2718518791185,71.52600258454834,33.745849294570164,80.0,14.651507317223952,1.7596548719615075,8.7322178301341,0.7823215026020114
43,80.12140760141338,103.96573591310896,70.00983654508643,33.95589936802253,80.44554455445545,11.380456620865814,-0.19240026970629137,4.491195786400825,0.7842879100340476
43,81.29633432781897,105.67886225608687,71.5015789029182,34.177283353168676,81.30081300813008,18.220867158288613,-0.5945631680634121,5.1213076619908975,0.7820925848109654
43,80.18534646813643,104.41610160609707,70.04235079111125,34.373750814985826,80.71192052980133,9.651930548528084,2.165221181015842,5.019700610230372,0.7837100442943894
44,61.59573833793864,96.3795963337563,46.68860382996585,49.69099250379045,91.76182707993475,7.982202425117749,-7.952678243782624,7.621877049127609,0.7869698966789133
44,59.25941261256116,94.23922197064827,44.90105246248137,49.33816950816691,90.36144578313254,12.467099559583664,3.1850751209908057,7.944808811583484,0.7826542654899413
44,61.2036608941023,96.1882025466047,46.72460019733993,49.46360234926477,91.78321678321679,15.544537724269073,3.1067084286211153,8.561119103329656,0.7832357721432297
44,59.01530476369924,94.14439112109966,44.7674099918534,49.37698112924626,91.86351706036746,18.29464067837956,-5.626145756938932,6.757622408125355,0.7852354192132809
44,61.51624118568285,96.31537877348357,46.931416973886016,49.38396179959756,91.46341463414635,14.310835055998652,-4.484961634340347,6.20178651775773,0.7835583467744307
44,59.349396513310666,94.63502879819457,44.63527030910395,49.99975848909062,91.94395796847637,11.197667395580254,6.310922534206419,6.976362807416865,0.7858230102998931
44,61.151676263171154,96.48620598588658,46.86198120590499,49.624224779981596,91.46341463414635,8.000000000000007,6.346798433283956,7.1681325187320635,0.7837042644448516
44,59.04280328522028,93.922479412542,44.70293743506358,49.21954197747842,91.46341463414635,10.474458731327644,-4.270235022540788,7.3291724301956505,0.7842960399640785
44,61.505732710702425,96.41842543848468,46.922057640635344,49.49636779784933,91.38911454102356,10.314175789767322,-1.4921498504946833,7.037380876322017,0.7822060415335202
44,59.36477714522147,94.27797783928665,44.767742231599705,49.510235607686944,91.62303664921467,18.106262306005547,11.245363767808893,8.19131850798112,0.782688675859922
44,61.0971011632517,95.78982932221136,46.79873677481475,48.99109254739661,91.86351706036746,14.055284429998691,9.22005583518331,7.972861230279364,0.7846512839047817
44,59.02428222823867,94.13661583261022,44.703054609504136,49.43356122310608,90.90909090909092,15.928411274018703,-4.6375305048039674,9.375382848911022,0.7804527314408554
45,76.45075984924746,100.57841473338281,66.21126468877428,34.367150044608536,81.58995815899581,14.871441198270256,-1.901457806586799,5.19977075954152,0.7837207306615721
45,74.52933995155404,98.75593616623962,64.85794833003872,33.8979878362009,81.72673931265717,9.998816498013499,1.9127270944519512,8.335599083139785,0.7838971537878057
45,76.15104729681579,100.0553652269513,66.32997885290206,33.725386374049236,81.8926296633303,17.11399687065793,-5.038879109369268,5.1148765394487645,0.7844256562454031
45,74.89716044469363,99.15730819450084,64.81686027563886,34.34044791886198,80.91286307053942,10.111801061633845,1.4250679205560715,4.20704642964735,0.7855969899356647
45,75.92972622864798,99.70446216315958,66.2748638455409,33.42959831761867,81.44796380090497,9.498537899183347,0.054078295442741973,4.174687905130982,0.7831582489604413
45,74.93503944831956,98.54501355561737,64.7896808001414,33.755332755475976,81.24999999999999,13.454283759431053,0.6823276685427698,4.823220595807569,0.7844575531278417
45,75.9720639822558,100.24179257328693,66.22585858053013,34.0159339927568,82.41758241758244,16.897883344918146,1.2514680924423052,10.477973544132478,0.7813560291194603
45,74.77288066005111,98.68953607152204,64.83967774244337,33.84985832907867,81.65829145728644,13.978851312739147,-3.2816656694656134,5.383672523605427,0.7827121599359548
45,76.29051357536248,100.29116354348858,66.26206852351227,34.02909501997631,82.48730964467006,11.932750418255589,4.205488914095444,4.587807963291662,0.7836184260858848
45,74.48943517960497,98.44159187559052,64.84404735721068,33.597544518379834,81.37432188065098,15.260697523012812,-0.028435316889258364,4.455070064566415,0.7872291184689564
45,76.32059720826288,99.9456313473005,66.29258967794928,33.653041669351225,81.65829145728644,16.258270539843593,-2.584334101151759,4.827625981303753,0.7849066424430723
45,74.70630292125837,98.90535106173716,64.78737327046832,34.11797779126884,81.79530201342283,13.815350351165335,3.5382010328236815,4.351755726655387,0.7846868600936876
46,87.63284386655802,108.35430920747379,78.99266857149907,29.361640635974723,58.441558441558456,28.221347318022325,-6.207496913563331,11.934882404695218,0.8933468167166738
46,86.21110619276905,107.11766120252642,77.54926551042743,29.56839569209899,57.495741056218044,19.636197363888478,6.205623397034429,3.788514750198609,0.8959061689231581
46,87.10194645844685,107.74872916057004,78.83886140699597,28.909867753574062,58.252427184466015,38.105117766515335,-2.432466002690612,12.564024562939474,0.8908280747495255
46,86.4434444264371,107.19594563301288,77.52701019254053,29.668935440472353,57.69230769230769,14.605934866804443,-0.658719241558529,3.6802998656694634,0.8906781873471117
46,87.07348870486538,108.02321689508211,78.71218905259092,29.3110278424912,56.497175141242934,22.53885533916931,-0.9108281632059577,8.559984348731168,0.8922622946091547
46,86.37846807728636,107.03882049676744,77.59367593960184,29.445144557165605,56.72268907563026,34.92779147446842,-2.510221772542164,7.182417489418483,0.8926832718085678
46,87.11804182112694,108.27862756712143,78.6968975837944,29.581729983327037,57.80346820809248,28.21347195933179,-1.9945446310386221,9.456445201655225,0.8931940581522256
46,86.25807849759256,106.83676559309367,77.61815035526652,29.21861523782715,58.34053586862575,37.16363548509669,-6.370151200995378,10.838245398131804,0.8944908903981195
46,87.48954642624933,107.85989062649314,78.67747733292246,29.182413293570676,63.9386189258312,296.3252267357608,1.9196770617672345,13.149349650181039,0.8946576974473653
46,85.871672920604,107.05795455142993,77.45339754922023,29.604557002209702,57.58157389635316,38.52272056851648,-2.7840440902373413,10.979102930667239,0.8943286414963113
46,87.668084619326,108.22799567873676,78.80135621278272,29.42663946595404,57.30050933786078,31.652433448470887,-0.9994059901057735,3.7926539838558537,0.896304382453438
46,85.91565302978712,106.64988649201248,77.57271304423462,29.077173447777866,57.54475703324808,36.563491202138934,1.6326111928233966,10.167692934256271,0.8951414628226648
47,75.61285202585144,101.68408606649409,64.39101072187741,37.29307534461668,61.98347107438017,22.054478003344357,-7.838798645169497,12.373958226383479,0.8946637018350998
47,73.71247707329603,99.87000338654794,62.8383734640452,37.03162992250274,62.38447319778188,32.39265272584639,4.284133608022374,6.457308280505432,0.8928179035711645
47,75.01811223041739,101.68892622342844,64.30475401024925,37.384172213179184,62.04044117647059,20.46375899239349,-3.242081039144766,11.898422986548189,0.8960077202220038
47,74.12841487165689,100.46974772455623,62.9080498411524,37.56169788340383,62.604340567612695,21.996363335788025,2.8524056470766173,8.163647547836788,0.8930827196205993
47,74.98434547947647,101.18832388386683,64.51423541099018,36.67408847287665,61.8131868131868,38.64367132317183,6.101728546629753,12.13306082717539,0.8895058330147559
47,73.49570089317726,99.30345960121727,62.85015801808728,36.45330158312999,61.252268602540845,35.799165449959574,-11.37666678704562,18.461186587138638,0.8955950873645709
47,75.48007550362165,101.89390627036113,64.30745923555178,37.58644703480935,60.777957860615885,26.581196361337838,-10.935339480405636,8.255798711565268,0.8930628521844378
47,73.85479975292387,99.80117381129328,62.92002001505647,36.88115379623681,62.21198156682028,25.60864051713409,3.285269699210725,16.22346347196406,0.8935660212957908
47,75.07324256828122,101.66212740489,64.50017311759865,37.16195428729135,61.92660550458716,19.39326598157462,2.0926551766695343,4.970195254594835,0.8952694248704575
47,73.76503900047648,99.81982985246552,62.95111896813362,36.8687108843319,61.93228736581339,31.48586984664707,-2.277596968997287,11.668219085691504,0.8900726540698587
47,75.42415549465906,101.5168975086773,64.50765244385582,37.009245064821485,62.84916201117319,15.999999999999986,5.153428984579197,5.269077940198942,0.8934781833280417
47,73.33514655675923,99.80088229385736,62.73388098864254,37.067001305214816,62.442183163737276,43.401086633719835,-2.591546983632285,13.774349250835813,0.8948157271928009
48,86.96488372647468,111.59537940974579,76.58600092995651,35.00937847978928,69.67905405405406,24.897807663452642,-3.454748803875261,11.122976050553547,0.8891560469838558
48,85.11273192004151,109.60547602334276,74.96228175221655,34.643194271126205,70.27257240204429,16.391894792123136,8.794669612145245,4.35594146829029,0.8730625577837537
48,86.27154645712459,110.93504913028659,76.37248498409035,34.56256414619624,70.8215297450425,14.945233353815537,-4.375600187277764,4.552130185197296,0.8571115521088659
48,85.4157054987235,110.10153025448595,74.91560749030224,35.185922764183715,69.91525423728814,19.02064993545023,-7.88172841897594,9.447961932708619,0.8783011703004644
48,86.73574426464974,111.30934137851084,76.2933963813336,35.01594499717724,70.39249146757679,18.484749130383776,5.6855732426255345,5.930561737054902,0.842758842806364
48,84.7963871411542,109.48578703220154,74.84290625984589,34.64288077235565,70.1530612244898,15.045935174965251,-1.0864317585142715,10.30787899520855,0.8709254939604744
48,86.77541962459175,111.45528359720647,76.51988556391112,34.93539803329536,70.1530612244898,9.918677597807903,-7.48761438748798,4.333633577349426,0.8572179856521052
48,85.1461010462943,117.05561642233886,57.86669784642135,59.188918575917505,101.35135135135135,347.5053956415641,6.917362966302431,53.41355742891438,0.7524474268925125
48,86.31621915003484,110.98406508631258,76.37331208020125,34.61075300611134,70.39249146757679,20.285564626881985,0.7057330360523371,6.498034607549265,0.8667933025776936
48,85.20703263034127,110.11975652235337,75.07716602433328,35.04259049802009,70.4225352112676,13.505554412907319,-7.944166189963189,4.552843619415825,0.844850989646322
48,86.77750453732598,111.26122052180658,76.4114364277436,34.84978409406298,70.69408740359897,18.824987789883338,-1.8644396268377557,4.099908701824134,0.8473944482656214
48,85.16278437649133,109.8181001316005,74.99563828421509,34.82246184738541,69.38603868797308,29.434336501597187,3.8687663357060615,15.781713353614371,0.8801285390153757
49,87.47486671969834,118.07220143494516,74.35026804989478,43.72193338505038,57.93991416309013,38.84759712606609,-8.523414875493259,12.94500800925136,0.896296098413319
49,85.28740684772174,116.32470029991559,72.36535985232052,43.95934044759507,58.644656820156385,50.0942321905969,9.415135020462657,19.345798906023287,0.8945514107682215
49,86.70443647941586,118.05224102848436,74.30522429642724,43.74701673205712,57.74783445620788,12.28820572744452,-3.1474371697966324,4.321049052306902,0.8912900225838072
49,87.03133110114155,117.92500781939673,74.14222415571045,43.782783663686274,58.49220103986136,34.92779147446848,14.902811494876389,6.548391587356255,0.8920044517818445
49,84.8387360349202,116.38307150151289,72.35502143849725,44.02805006301564,58.252427184466015,26.153393661244063,-2.4384251709963527,4.75858283670697,0.8929412968414822
49,87.36146183918736,117.9475522179675,74.5141072218787,43.433444996088795,58.23986194995686,33.47230290446711,-7.394346159634097,9.061377329438617,0.8916034696835814
49,85.3029053821134,115.93443027118077,72.22287765664487,43.711552614535904,58.03955288048151,40.4029090750703,5.711134127597923,14.52559034136275,0.8942136105214114
49,86.65397399628834,117.94117908535932,74.14816222245615,43.79301686290317,58.708414872798436,24.248711305964306,-7.1072732858923136,18.9725102818358,0.8901172802620572
49,85.48536985660147,116.11537315523076,72.3973047040727,43.71806845115806,58.13953488372093,13.597385369580772,-15.219172693170243,4.9583338918089375,0.8936153384695251
49,87.35601667660869,118.43285294574278,74.23866061910329,44.194192326639495,58.441558441558456,41.48359782961083,3.8932723526176245,12.556557693183235,0.895706705759526
49,85.10685838329715,116.82533490791354,72.30897036813364,44.5163645397799,57.93991416309013,36.1942632382264,8.738707080902794,8.071946779166224,0.8960815740439524
50,77.36137715559036,99.45051745423757,68.08163469311611,31.368882761121455,82.8377230246389,12.399656418221477,-8.01320566990064,4.314224759150301,0.7842079610481649
50,75.98082555083785,98.46857689793283,66.65464403201844,31.813932865914396,82.97872340425533,12.760886986663225,-0.3545887989895615,5.022419557257131,0.7832365903911122
50,77.21715475165699,99.73098649506008,67.98902236659795,31.74196412846213,83.61921097770156,11.900972065116145,3.5068312634152567,5.105471136509702,0.7828731408310832
50,75.89241800683209,98.14177415937866,66.71031047622984,31.43146368314882,82.90816326530613,11.145089400784522,3.884037049845566,4.488485499568642,0.7835602530494662
50,77.22478780261636,99.47810427751473,67.9990965659283,31.479007711586434,84.48873483535529,18.067591699573153,5.329281030141404,4.208518471851704,0.7840343025201935
50,75.8946386288802,98.13956755160318,66.70677503686959,31.432792514733592,83.76288659793815,12.399656418221477,5.477562767899078,4.977720556930495,0.7839421416993886
50,77.20375679856741,99.53680857007194,67.96859934197818,31.568209228093764,83.97932816537468,13.815350351165334,4.548904537817993,3.958345327829759,0.7872667057738351
50,75.84951868263123,98.05527557026612,66.62630027710911,31.42897529315701,82.8377230246389,18.98738291758957,2.419132452524686,9.418605472282811,0.7848218685597689
50,77.03518767649886,99.29762259276755,68.0919889463602,31.20563364640735,83.02583025830259,16.110727964792776,-5.868444992060217,5.279510380837727,0.7831584284945037
50,75.88732408111758,98.01371867199404,66.67539143844672,31.338327233547318,83.90705679862306,11.545638793411529,-12.10294295105802,4.867633918461798,0.7844515937434755
50,77.30299615495355,99.48759848244504,68.05369303364793,31.433905448797105,82.97872340425533,9.169024262000834,-8.817361867222589,4.938621559757806,0.7853080980109249
50,75.93424741387904,98.1616670575415,66.66832346760712,31.49334358993437,83.76288659793815,19.24491787213771,-4.578185044086503,9.459084738928649,0.7853996085210807
51,74.60960675429907,113.34080229843721,58.284175519137996,55.056626779299215,85.7843137254902,15.628336378488372,-7.6796116424747405,6.40967453686818,0.7820274932241418
51,72.00826171325717,110.92264750058366,55.82263053806432,55.10001696251935,86.13074204946997,13.842734620556275,8.545853009337154,8.448161019726804,0.7859929558155297
51,73.9974293928758,112.83995028879198,58.09011492153451,54.749835367257475,85.60140474100088,10.658774200423855,4.989727905203739,6.0106708169072025,0.7844121609999977
51,71.71703721099273,110.47241907814283,55.735951354415285,54.73646772372755,85.45135845749343,10.93931620592687,-7.514730392155047,16.447250771696126,0.7846458814964207
51,74.45770451889945,112.82981909241069,58.22378585911868,54.60603323329201,85.43531326281531,9.160696881075074,-5.99800333650568,7.571237899566256,0.7865715988537865
51,71.97236594806947,110.65536393544853,55.88383973315333,54.771524202295204,85.5263157894737,13.083256384904196,3.308673138201648,7.935944476095294,0.7852534463730473
51,74.01695384493566,113.31875469778991,58.08297071032047,55.235783987469446,85.90308370044053,19.440700306376986,-4.530352537223479,12.810828871511271,0.7838938338518443
51,72.08108651439623,111.00127560654145,55.90075459456872,55.10052101197274,85.43531326281531,12.162169516452998,-7.515437561221322,8.133406776461092,0.7838181077722578
51,74.47760253457557,113.58928210482793,57.97695228339756,55.61232982143037,85.75197889182057,17.643410691484846,5.7707910415717585,8.416142065614395,0.7866290543167134
51,71.73408768049185,110.66454579409971,55.800039617498705,54.864506176601004,85.37653239929948,15.640941571863173,8.433080466071424,7.7547232834970625,0.7848192058509349
51,71.82382256211089,110.94512528321832,55.68813915444597,55.25698612877235,85.22727272727273,18.025622788771454,-16.38897531003646,6.609275928696047,0.7836869182810287
52,84.5674653592405,113.87606176469129,72.22783567869757,41.64822608599371,69.91525423728814,19.324116735398448,-4.256290246466554,5.363538425934088,0.8879723005492117
52,82.36645755946252,111.27143895838228,70.42179775273111,40.84964120565117,70.03395585738541,25.630560271572502,7.484837488167645,15.310320491958116,0.8732750540342745
52,84.0284590598781,113.54505804460037,72.23972241727755,41.30533562732282,69.44444444444444,28.621670111997307,-1.3535701958296815,13.764007397523498,0.8760462184304858
52,82.62569394772197,111.41001321745189,70.45920079897073,40.95081241848116,70.27257240204429,19.917183909278787,-0.6146786810390361,10.55546990452902,0.8712854874579129
52,84.00022763063386,113.56767945449536,72.1030097457548,41.46466970874056,69.67905405405406,11.95031034556727,0.21499507319369393,6.233654134292249,0.8827388893862026
52,82.31165659880395,111.34648630042382,70.27705829027042,41.0694280101534,70.81545064377683,12.512473115698377,-11.577140654685053,5.684929654230411,0.8396355595101205
52,84.48382402586297,113.76359120042372,72.22274060668634,41.540850593737375,70.2127659574468,23.090193260200085,-4.030526945319207,11.949807923763059,0.8550490071956792
52,82.43159466646055,111.25953326042924,70.38858697474527,40.87094628568397,70.09345794392523,17.72517470102393,6.367891257436574,4.695524381301018,0.8588050601079972
52,83.94470756164596,113.25356504617518,72.21764612043809,41.03591892573709,70.87628865979381,27.03655315700525,-2.58636832041325,14.69982598536966,0.8268269108817307
52,84.33281538774311,113.38562520281347,71.93914532361698,41.44647987919649,70.69408740359897,19.13155845522315,4.327290353394164,4.891910560097371,0.8501962044062028
52,82.39535412242468,111.84503481921234,70.36419878671995,41.48083603249239,69.79695431472081,16.837580949513075,7.8822999438069195,4.983290507368028,0.8802214395053711
53,69.93356304312582,95.36149579651104,59.43500497157278,35.926490824938256,83.19112627986348,13.62211915149457,-9.241935700877757,4.3081896542422085,0.7839795568109971
53,68.3461144998356,93.21674356084463,57.92518392847215,35.29155963237248,83.26216908625106,14.871441198270256,-1.241971517658765,5.34367568560076,0.7830943959766998
53,69.76583331008361,95.04042142537755,59.31045477094917,35.729966654428374,83.69098712446353,10.658774200423869,-0.6169044302349478,6.014575901694381,0.7838243590041387
53,68.40417637521224,93.84103195580498,57.85263512021813,35.98839683558685,83.33333333333334,17.750406279207347,2.376417241380052,5.9770468410672715,0.7851784552080393
53,69.79640577917598,94.72831184881508,59.323999785308224,35.40431206350686,83.12020460358058,12.611631711950285,6.991244801789924,6.36670652542814,0.7831641962151282
53,68.25985626071359,93.41539156318896,57.80454735335889,35.61084420983007,84.56201214223763,21.13915573823712,7.102395360359008,18.121943279466286,0.7818274017198913
53,69.84934949507885,95.16093732875294,59.29903578247565,35.86190154627729,83.19112627986348,13.978851312739147,8.142910630402246,4.09793504904108,0.7841709555375885
53,68.22220867296355,93.62054410903554,57.79392729989979,35.82661680913574,83.19112627986348,15.32295335137076,8.113417631806097,5.221993902548907,0.7851075176863029
53,69.78765866311394,94.85410913048082,59.364111859433876,35.489997271046946,83.83490971625108,11.57839244444726,4.8063443354405955,5.686908417040413,0.7855222804163919
53,68.08472481434853,93.55849617295615,57.80711700915204,35.75137916380412,82.7966881324747,11.055415967851342,-3.1629934905930606,5.787455064568517,0.7829661361809391
53,69.75684629215368,94.70807257299288,59.34199682645559,35.366075746537284,83.33333333333334,13.67760662824178,-11.068143106392572,5.105252137422283,0.7847267714673646
53,68.4303516839206,93.82623896401788,57.90912130156804,35.91711766244983,83.26216908625108,16.141387136743376,-7.364264148378653,5.354750010226049,0.7830360930546667
54,66.19759307614275,88.1079405850628,57.13590737314238,30.972033211920426,82.97872340425533,15.857352279046323,-7.6799071610648255,4.612418196927612,0.7839674756735534
54,64.94922430888549,86.77233738748409,55.712886112508095,31.05945127497599,82.07070707070707,11.545638793411529,3.166197081916188,5.664342734736765,0.7864816086196329
54,65.94039809261096,87.98963012838433,56.970015571663446,31.01961455672089,82.13984835720304,11.042682119954694,5.642771996562572,5.358109338430263,0.7848376957579531
54,64.69407388847154,86.53221195894491,55.72720724283455,30.80500471611036,81.59564823209429,13.249737942901204,-1.6107749586567763,4.6246608170624475,0.7833331304174107
54,66.18668371118676,87.8546380748307,57.04783188084359,30.806806193987114,82.34797297297297,8.571315862882543,0.2005716891946318,5.748542132808003,0.7837983020190897
54,64.77963118680722,86.87382618758356,55.696293241132885,31.177532946450675,82.00168208578637,5.966375209127795,4.751148825201948,9.592055629533325,0.7845812631091376
54,66.14526754198936,87.77496650817503,56.97262774260094,30.802338765574085,82.34797297297298,10.623185539465897,3.57143838725548,4.992193897074236,0.7836119250349223
54,66.01177235127929,88.25203634460001,56.935672417169464,31.31636392743055,82.90816326530613,15.568136173136626,2.3240573834304765,14.921705061775329,0.7845484292083289
54,64.64123392414737,86.4757066138817,55.72717486550918,30.74853174837252,82.8729281767956,16.49242250247066,-3.5052610443283023,5.290724176912239,0.7849631825547113
55,80.97798917955808,103.6460316873732,71.47171633340746,32.17431535396574,80.71192052980133,20.44707412410605,-3.462494545399651,12.455805853661026,0.7832572029688882
55,79.16498122055191,102.01213782678478,70.05791867216709,31.95421915461769,81.15419296663661,12.418624006798117,0.42417278716127493,5.167511616310183,0.7849277991418608
55,80.85476900152112,103.16051010345045,71.4613962419062,31.699113861544248,81.65829145728642,11.246564235382818,-0.09834775747473672,5.205933297315722,0.7853774873332247
55,79.1032138623759,101.71025788396942,70.09657813729714,31.613679746672275,80.93525179856114,21.49935399546282,-3.160610977284058,4.16017517454577,0.7832430164466332
55,80.96280742606193,103.18502615305668,71.47910341240049,31.70592274065619,80.37922506183017,18.130362907884614,-2.927794132724175,4.137645959837879,0.7812714490060444
55,79.1900974236282,101.82054559014979,70.07589826278374,31.744647327366053,80.78994614003591,14.17352775031288,1.1637096220392937,4.0950441259294905,0.7847077397650869
55,80.84501429606011,103.2170866962414,71.34308017895182,31.874006517289573,80.31301482701812,14.89688423004334,0.5361372968919481,4.666886055935539,0.786417108339871
55,79.25086786236416,101.2875027429041,69.96606925904565,31.321433483858442,80.4289544235925,17.625738755203066,0.7594192760317473,3.9682227703950272,0.7851577248101425
55,80.64002787885246,103.09081929577576,71.35561786231766,31.7352014334581,80.57851239669421,14.193923193440993,-4.115456317141209,8.222191696295296,0.7822638230545984
55,79.56398169495962,101.95336845219802,70.0723964313883,31.880972020809722,80.71748878923768,17.42284579382932,1.3357759075816775,4.559783225573198,0.7812073472521327
55,80.42252885753024,103.01023767165576,71.26091301148297,31.74932466017279,80.21390374331553,15.143755588800742,-1.3060240446068574,13.354437362748072,0.7837010257880951
55,79.59079660741324,101.9422445587883,70.08851017800579,31.853734380782512,80.44554455445544,12.996130511964857,-3.2098652275783865,5.532008993534951,0.7822436509677144
56,66.58488627518089,89.1542458641751,57.06623047496438,32.08801538921072,110.65573770491804,10.850271658429968,-1.1354024569790162,5.15275809398356,0.668177748100923
56,64.87776659517631,87.34742911771342,55.7262025492272,31.621226568486215,110.19878997407086,13.573840095864409,2.871206464031817,5.695686330013179,0.6678057222454954
56,66.28936617334769,88.723008661571,56.97830515517211,31.744703506398892,110.38430089942763,5.639367795755348,-1.1379221429326405,5.657625098391464,0.665810302126685
56,65.15298756274406,87.67486176309703,55.68422258490143,31.9906391781956,109.16095890410959,9.411764705882348,2.1204404417867933,5.28492578012644,0.6707337204063519
56,66.16112410901003,88.60802822016983,56.95537599067039,31.652652229499438,110.58109280138765,6.851868131087552,2.3160736389322136,6.349312928903242,0.6627199516815612
56,64.96669876910104,87.6544723207031,55.63122732754843,32.02324499315468,110.38430089942763,9.787873575797892,-2.369819826725108,5.155157150864476,0.6654280249810451
56,66.45821422532674,88.93077246987372,57.00302121744697,31.927751252426745,110.4852686308492,8.626024837563941,0.5351363989256323,4.975291190650581,0.6656811024218693
56,64.81311134635921,87.01372119326001,55.77953367953975,31.234187513720258,109.63026655202064,9.52868552061955,-0.19012864576587588,5.226703020111845,0.6674662069735211
56,66.45338087637397,88.89994898953698,57.0057374258766,31.894211563660377,110.56511056511057,7.659416862050712,0.24963919536747464,5.435177373687428,0.6662001002397492
56,64.99156275874243,87.68857398789396,55.780408688272445,31.908165299621515,110.29411764705884,9.505416412576082,3.907857483693222,4.919782463274941,0.6673280585615461
56,66.09531708514727,88.38340515136315,56.905476078298626,31.477929073064523,109.7246127366609,10.606520159609062,-2.9161478334159754,5.44239948722469,0.6732206517888841
56,65.24897433929054,87.96195441134518,55.73094276782991,32.23101164351527,110.20408163265304,11.1466099590973,-1.6647764350432694,5.231373607744954,0.6665423698194873
57,86.09439621878376,113.81941776848564,74.54088738827443,39.27853038021121,70.87628865979381,20.6985446847385,-9.338087764385513,13.580479708341803,0.8289897823961434
57,84.33407532924879,112.30008936546479,72.66090200887572,39.63918735658906,70.51282051282053,11.453102362199008,4.993580059421426,4.671267567143824,0.8538871335103057
57,85.78200723340915,113.54104095927849,74.22966090186264,39.311380057415846,70.57313943541487,11.861459222036439,8.36386115940771,5.184542477627474,0.8408511794887464
57,84.39908466619984,111.96389335379098,72.58488545078637,39.379007903004606,70.4526046114432,19.703588631482297,-6.114404883989692,7.7673550658601735,0.8627065789947042
57,86.01984947149641,114.19935292950416,74.27284873086995,39.926504198634206,70.9372312983663,14.509045340552742,7.301192290236222,4.561541313402144,0.8482802965860968
57,84.13361575749535,112.10182633846046,72.68542189668837,39.41640444177209,71.49046793760833,24.469241950924683,10.056860734760615,16.886878937011605,0.8528625168551927
57,85.5249293885698,113.7257272039483,74.22889950604991,39.49682769789838,70.02801120448179,14.06271666499757,-3.945859328690765,4.380195203180186,0.8720896364152289
57,84.31953856551073,112.59882188996325,72.65356674145148,39.94525514851176,71.12068965517241,26.282634181225674,-10.499197262048966,18.620839252516166,0.8627845229748865
57,85.93596537214098,113.34840753249863,74.40045099345096,38.94795653904767,71.0594315245478,24.919042471289934,-4.069288787289671,7.575031362820647,0.8263844864250974
57,84.28422281334058,112.33066583411926,72.60789066574362,39.722775168375634,71.67680278019114,24.186602397550374,2.6512131093936064,10.972868654375329,0.8119562821758147
58,90.35611785100627,113.14450117289594,80.89955507131504,32.24494610158091,101.26582278481013,9.151502608861572,-5.8502807357279405,4.815809650092752,0.7833244565982093
58,88.8552692922511,111.53728410048068,79.55164324103882,31.985640859441858,101.69491525423727,14.282856857085697,-2.5887936887106586,4.514302530728108,0.7788452023575319
58,90.18081024800254,112.7619067843698,80.8790919772716,31.8828148070982,102.56410256410257,9.327379053088823,-5.1831666822218745,4.075437028322658,0.7822317192500317
58,88.88643234812238,111.38399969004975,79.54172334195765,31.8422763480921,102.1276595744681,13.555441711725958,-4.616290337110359,4.079124236534308,0.7798901429248334
58,90.20927895710926,112.40126241267293,80.90212064145906,31.49914177121387,101.60880609652835,10.283481900601576,-5.601805895961248,4.599616062019017,0.7840344630742863
58,88.98674204185463,111.75987847102272,79.58819827909949,32.17168019192323,102.0408163265306,9.797958971132699,-3.867930391892076,4.179519323756477,0.7836387518531945
58,90.165215743912,112.5396153975158,80.88102603101879,31.65858936649701,101.60880609652835,7.599342076785339,-2.7858451174191687,4.881269391311753,0.7844588095213749
58,89.00465823891024,111.91620308883707,79.52596232655505,32.39024076228202,101.52284263959392,10.535653752852747,-1.0788028539149552,4.217859822807318,0.7810981176420985
58,90.23432907136346,112.64131748344116,80.89365657675481,31.74766090668635,101.26582278481013,10.758717395675017,3.6380518210003263,4.334096095356508,0.7845961385458556
58,88.86262364193247,111.20901976623774,79.53477423708472,31.674245529153026,100.75566750629724,13.257073583562864,3.662546419958498,4.759837507594159,0.7830474448857723
58,90.17237103189947,112.94857824512928,80.87573695067351,32.07284129445577,100.41841004184101,12.237238250520429,3.692496588002329,3.8702292021622404,0.7808741277428757
58,88.71973176724916,111.13379701413241,79.61200590777342,31.52179110635899,100.98743267504489,12.553175782335819,-5.282867781985372,4.158359052174818,0.7791646350113736
59,72.16077577616386,103.96661043843031,58.82192145045876,45.14468898797155,85.15815085158151,7.068181072487423,-9.253675287030756,6.8680453175678435,0.7836530938695107
59,70.34767806772406,102.17963055944092,56.99972826316043,45.179902296280495,85.45135845749344,9.99881649801348,2.9863664173894446,6.822950830978335,0.7845281590567319
59,71.84560531459783,103.45688471110019,58.68525412247837,44.77163058862182,85.15283842794761,7.976296244194297,6.897640187535849,6.64240310941525,0.7868504785332153
59,69.88567572400488,101.55253843565471,56.994196805960286,44.558341629694425,86.13074204946997,9.127628907194648,-4.623306482935549,5.351485217552104,0.7844510306198228
59,72.13550037058161,103.8150093323732,58.950471584363854,44.86453774800934,85.43531326281531,13.915195042155336,-5.8886480760609,6.874321878456592,0.7849246871711516
59,70.19067367804949,101.45626800675691,56.94340123862277,44.512866768134145,85.37653239929948,13.255790294484942,2.8082199534078227,5.244803201144337,0.7837908529353494
59,71.8879708191205,103.77710923448628,58.84479134927592,44.93231788521035,85.90308370044055,15.494988691709734,4.049856750579569,5.988221333917889,0.7853829271127729
59,70.19340464121093,102.18539028679196,57.10609917252311,45.07929111426885,83.97932816537468,16.717634101176785,2.2009574255871787,6.527375291312031,0.7819562266372893
59,71.63591917896288,107.53916432294415,42.89868937675895,64.6404749461852,85.75197889182057,147.7666479572461,-4.220486307093909,51.78082099627541,0.6927093293846841
59,72.2573883431379,104.10712642080252,58.90166614292916,45.20546027787336,85.02024291497976,12.892016197346827,-1.677516831763821,7.005527797648522,0.7837379748627985
60,70.9669304812944,106.55844939389432,56.23835560190119,50.32009379199313,70.45260461144319,22.463193034880724,-9.936230995898239,18.936763415870768,0.8655619588081268
60,68.69007681128589,104.06685839515667,53.86869539759564,50.198162997561035,70.63356164383562,20.977752875426866,9.834912283964789,7.373207067560565,0.8258897595420611
60,70.46582462833481,105.42089513053722,56.01857560581126,49.40231952472596,70.99827882960413,16.456303271250572,10.268546528813527,5.464808997483503,0.8705576761746722
60,68.57949207566907,104.13133252832151,53.903385452022896,50.22794707629861,71.0594315245478,26.060324170427524,6.473103411058946,19.963728338555274,0.8229218384290851
60,70.44326110882594,105.98776464224076,55.9574457570135,50.03031888522726,69.63788300835655,33.380233672040106,0.2739766663523044,14.81994023655088,0.8436854444201655
60,68.65355152494922,103.81751000126819,53.95125477841793,49.866255222850256,70.57313943541487,24.382624893440326,-2.254522092285505,19.06514329869325,0.8417431653962036
60,70.71548434917499,106.3326347172791,55.924146543653,50.408488173626104,70.15306122448979,7.9668735637115144,6.718057689920924,5.132321177434262,0.8739815227961911
60,68.25648190997404,103.5805233452275,53.98424345948052,49.59627988574699,70.99827882960412,25.360866580600284,1.6391907953999276,8.072960888396647,0.8439175767004428
60,70.42921082585747,105.91103603347725,55.75566425542528,50.155371778051965,71.18205349439171,19.676726194136265,-15.832794099649668,7.395578220155947,0.8113111907251319
60,68.82139360054143,104.38630237892299,53.861945269862346,50.524357109060645,70.99827882960412,19.378781955598896,-12.861098648688376,5.271439859958506,0.8447939084442405
60,70.87551714184077,105.95014860270413,56.02351983195648,49.926628770747655,69.97455470737913,12.212985908179403,7.138172772456417,13.481013711584508,0.8788659192201139
60,68.40132576893295,104.22402519504104,53.834598156805555,50.38942703823548,70.9372312983663,20.207191257381524,10.727022798059732,6.203988307792749,0.8482602292531439
61,75.56077851774135,113.61219261533263,59.48620396636995,54.12598864896268,99.17355371900827,11.958260743101409,-1.1347196102356358,7.30670088325966,0.7836308210243579
61,72.5866709587134,110.83361610238879,57.08171676344553,53.75189933894326,99.91673605328891,19.07223112276067,4.129462861901668,7.5243935309111984,0.7804840150116702
61,75.11182952831895,113.14886243429716,59.47335778383705,53.675504650460105,99.8225377107365,8.69840342949339,-5.256649598079666,6.760857802086501,0.7828241312313046
61,73.0872029291643,111.51427467813039,57.08609654780473,54.42817813032566,99.33774834437087,14.42220510185597,1.838412470042309,6.765696169916375,0.7814627656791179
61,74.81940192385053,112.97656040136818,59.30833659799035,53.66822380337783,99.6457041629761,9.450690744890329,-0.5253956137255709,7.944894703250183,0.7812207604556298
61,73.18223019260984,110.87565382734435,57.0485138983787,53.82713992896565,99.17355371900827,10.908712114635724,-0.4450167089529412,7.819508569125976,0.7843276994089201
61,74.87139640592889,113.02398814025177,59.30508631931934,53.71890182093244,100.33444816053512,10.770329614269018,1.7332316781317463,19.177065358571106,0.7847930612979326
61,72.91235387368177,110.70067399497789,57.02231557735881,53.67835841761908,99.911190053286,9.89185972852876,-6.150290831617414,7.543902786611505,0.7831821830610958
61,75.36346089492238,113.89157601205457,59.35784855430205,54.53372745775252,100.08340283569643,8.231038816577172,4.530562214368514,6.960018629052517,0.7827223942609814
61,72.50294245178092,110.61970138402428,57.07884047275931,53.54086091126497,99.8225377107365,13.343995736743269,1.0288074261298794,7.32813174726723,0.7831361681377187
61,75.28118531357966,113.1899834527119,59.490550306525684,53.699433146186216,100.0,9.797958971132722,-6.940216472383771,7.033879161925281,0.7802415129363132
61,73.03458828374339,111.49595457910671,57.01197527485165,54.48397930425506,99.58506224066389,8.817596044274206,4.5912118144391005,8.03005078779794,0.7809748081919051
62,88.75112860752523,123.21814972061485,73.85956185319502,49.35858786741983,55.69306930693069,33.30665599145811,-11.191352426958286,5.766890613027633,0.8944724152820834
62,86.3055765305756,121.36819066329366,71.79067761564714,49.57751304764652,62.615955473098325,317.65312240373066,11.216671192365919,19.554835462223398,0.8934900096137258
62,88.01695747889887,123.34641698214817,73.90000563097882,49.446411351169345,55.452865064695004,21.447610589527176,10.74986710926376,5.3724269679429755,0.8940453611424675
62,85.84743341974448,120.69970774261392,71.82030962295899,48.87939811965494,55.197792088316454,56.630380539071055,-7.799114690204244,18.89612817588829,0.8940081655084389
62,88.44609819685495,122.88570684427461,73.70613835735139,49.179568486923216,55.237315875613746,42.46247435554198,-11.770248103015588,17.988245464982754,0.8943920602758729
62,88.0848577828277,122.98837727724268,73.92081719978441,49.06756007745827,55.248618784530386,13.114877048604013,8.224683250980938,6.093673730461738,0.894547353513292
62,85.84875268504024,121.01250736255916,71.7831399578504,49.22936740470877,56.285178236397755,57.930993431840946,-8.47795914509409,19.737387742241786,0.896270978801266
62,88.77679110306437,123.15272538100619,73.89139378779505,49.26133159321114,68.12551610239473,380.56730163583444,-1.3358924654595856,21.09843012546725,0.8985353795117612
62,86.25067389899516,120.64974326509716,71.78246961728128,48.86727364781588,54.94505494505494,31.496031496047177,19.958028528245894,11.84505059674935,0.8963268427588984
62,87.99045978225716,122.39999662025214,73.98434245789923,48.41565416235291,55.762081784386616,22.271057451320107,12.721829068802709,11.717039296615352,0.8918553822236666
62,85.67559100026364,119.96815553841404,71.77642179631907,48.19173374209497,55.55555555555555,36.660605559646704,-12.552397456737667,18.851711501957535,0.8955250907774904
63,70.97528372739119,92.54861294226315,62.08728511485312,30.46132782741003,100.67114093959732,9.380831519646868,-6.198972738697777,5.490572698048119,0.781482791177914
63,69.72064862627641,91.36578220485781,60.664301306621645,30.701480898236163,100.33444816053512,13.416407864998751,2.956431439712196,5.505757330378858,0.7842311796254845
63,70.6867703967506,92.1431053360365,61.98365328484194,30.159452051194556,100.0,13.56465996625055,2.304804216884532,15.57405143585633,0.7806810569702148
63,69.66062865731438,90.96309779089387,60.73877788364039,30.22431990725348,99.42004971002487,11.651180197731055,-0.9322348528299034,4.905567333983288,0.7797776181523473
63,70.80703046488576,91.98397240918682,61.92740595949421,30.05656644969261,99.75062344139653,9.04157066001257,1.5225264798965852,5.502900682825667,0.7866898915232027
63,69.4305177858395,90.94169294485279,60.70196009968321,30.239732845169577,100.00000000000003,7.728734264634373,-4.648542091139057,5.415895600178238,0.7864502028356709
63,71.01973258675957,92.39937890018626,61.964048684942135,30.43533021524413,100.0834028356964,15.354152532784084,-4.288213318151414,4.804456231664851,0.7753970865362415
63,69.56344947520466,91.18443286665344,60.68822013471038,30.49621273194306,98.9282769991756,9.473647660748217,1.336429637194145,5.534958629929177,0.7841669860226592
63,70.87324761521204,92.21571522605325,62.04085183849159,30.174863387561658,99.46949602122018,9.14476170639054,0.8499796391824553,4.627917433260301,0.7832391092542468
63,69.60880772979567,90.83638781712872,60.7525061493782,30.083881667750525,100.67114093959732,15.491933384829666,4.041783512724882,4.68168142902786,0.776569353126155
63,70.76724625060766,92.13030385178216,61.945029500573206,30.185274351208953,100.50251256281408,12.609520212918502,2.529149872156297,5.391137053763346,0.7831425159943116
63,69.52576998847216,90.84468610425311,60.80859329951814,30.036092804734977,99.6457041629761,12.88858237183422,-2.7717537075472136,5.2423230124230935,0.7829108620141043
64,104.29921945914444,131.41115794971148,92.80534888045106,38.60580906926042,56.20316402997502,33.54304402509013,-4.842467459546973,13.462615331608744,0.8965281709648399
64,102.20223308521979,128.77624311912894,91.25617844576703,37.5200646733619,56.12722170252573,20.760539492026712,6.967576162351343,7.762104157457301,0.8927416318208997
64,103.5987866305425,130.52175623774417,92.45694335089033,38.064812886853844,56.249999999999986,45.87906809089405,-4.457317163704417,15.091282250666815,0.8949505368271118
64,102.591204334655,129.09465251044898,91.30520350034679,37.78944901010219,57.10659898477157,18.856180831641282,-4.650635639753634,3.602471420954539,0.8923161225192398
64,103.47995160942006,130.70584029781685,92.66001722261176,38.04582307520509,56.17977528089887,20.000000000000018,-7.150705644254605,6.539877719583352,0.8931822791875622
64,102.80244747934007,129.3531779148466,91.3033274337744,38.04985048107221,56.58005029337804,39.930804347051,-1.696715672464779,14.889663475863827,0.8920686238187577
64,103.56119430065435,130.46277770777863,92.85096878847523,37.6118089193034,62.90773532152843,315.0455973268977,5.413434873525442,10.076954752319912,0.8935352067928893
64,102.42793005632502,128.78107269515783,91.21632675597726,37.56474593918057,56.39097744360902,39.37286149395572,0.8172227672782465,12.996409068987877,0.894697414662624
64,103.77904582088,130.65533091783723,92.85486270510995,37.80046821272728,56.980056980056986,35.98610843089319,1.823332728588558,13.139028906958988,0.891943322893455
64,102.40613394038341,129.40172576589933,91.15906417206087,38.24266159383846,57.05832628909552,24.180392015529698,4.321027745507755,7.775228614559499,0.8942573497237706
64,103.91279492824262,130.43368943997373,92.80258940179556,37.631100038178175,55.91798695246971,14.662878298615194,9.883266642971975,6.946266644002029,0.8955270576910292
64,101.86780494937071,128.7262182560801,91.27839366863996,37.44782458744014,56.92599620493358,19.899748742132417,-2.632028893072542,9.872250964001443,0.8949282305634884
65,91.35912842437006,128.8582551689197,75.92697826004849,52.93127690887121,77.9896013864818,18.13529401164727,-18.200978238831574,5.386445047179121,0.7842850464345865
65,88.99075018862817,126.59806406811879,73.5626400918764,53.035423976242384,78.19287576020852,14.40678852331622,-15.93776884063497,5.447887075401171,0.7836268824824364
65,91.14748397650351,128.3507030469613,75.7715100465194,52.57919300044192,77.8546712802768,17.07499796648761,-19.283156036530844,6.057708153935253,0.7867028578541251
65,89.14823845381056,126.80830147772109,73.657716344401,53.15058513332009,78.32898172323759,14.282856857085713,-18.24739974857969,6.685123229508706,0.787624257254088
65,91.21191412626914,128.09771595526382,75.74469923019255,52.35301672507127,78.53403141361255,18.61898672502527,-15.985250728359423,6.233190201686903,0.7890408810888399
65,89.17712471832016,126.35848228885277,73.66020896661887,52.6982733222339,78.5024154589372,11.145089400784522,-10.55814780228298,5.703941639677231,0.780601261662854
65,91.18466977410318,128.2712143029534,75.77184302510395,52.49937127784946,84.70894874022589,169.4622193498665,-7.872610138614427,22.344975691240247,0.781946480073776
65,89.1858486510818,126.09812684567258,73.80260895025823,52.29551789541435,78.56567284448025,12.399656418221477,-2.991216635287222,6.690227782244758,0.7839454171325881
65,91.27144613672516,128.69017732940122,75.82727966136954,52.86289766803168,78.26086956521739,22.110831935702684,4.599702080629059,13.62034554031197,0.7853834524731323
65,89.15655628795548,126.4580707832932,73.57307370613891,52.88499707715428,78.53403141361255,18.618986725025245,9.875873985231655,8.615509854252698,0.785869016030487
65,91.07937667881927,128.13429365526756,75.69851310854357,52.43578054672399,78.26086956521739,16.918103387266044,9.280599094368977,5.742063642571782,0.7880254312628615
65,89.129296659726,126.13838810708616,73.6095928931823,52.52879521390386,78.397212543554,11.925695879998889,9.698214445916168,6.0090569907830576,0.7855242066964156
66,102.8334312158495,136.31207425451112,88.48638631193658,47.82568794257453,57.84061696658096,9.23760430703402,-9.61345273291882,4.945160888741098,0.8942086356069483
66,100.41538671902991,134.62586123337053,86.19201718631112,48.43384404705941,58.089500860585204,47.169774796165676,12.090429953394514,16.384863933209065,0.8925880380705746
66,101.81187479748665,135.82892593994046,88.3358618054029,47.49306413453756,58.027079303675045,21.071307505705494,-4.20891167921461,6.528405205914406,0.8926078532882097
66,100.82675677613486,134.12729477554572,86.43732593274473,47.689968842800994,57.1549534292972,41.10089963270005,-4.31335882829416,12.91873496161985,0.8940069395652318
66,101.82437963068907,136.41147239578612,88.0330847319971,48.37838766378901,58.027079303675045,33.40658617698016,-3.951031015615059,17.034763169715212,0.8925557689593665
66,100.80839450937701,134.56698680090008,86.44509164302602,48.121895157874064,57.69230769230769,14.110673659011162,-4.496532864813872,4.501358485266974,0.8933158020496227
66,102.29722764596728,136.10376831994435,88.2062275492665,47.89754077067785,57.989690721649474,32.87687468250124,12.409609247238379,18.061742760969697,0.8939595501478519
66,99.97648805246284,133.54101308121707,86.3865635655587,47.15444951565837,57.74783445620788,29.51270912674744,-3.4429723079595136,9.618661673404114,0.8910401885166581
66,99.90376036619391,134.60880267299925,86.29527238449577,48.31353028850347,57.97101449275362,36.86461718233356,-3.273395028631671,15.211552011796156,0.8960588339053882
66,102.84747874707773,136.02377274644883,88.43064987853627,47.593122867912555,56.77039529015979,23.383015889717186,-0.510100422557697,9.07451797833147,0.8949384395356771
66,100.08401839724735,133.98357277464646,86.31410694596099,47.669465828685475,58.089500860585204,23.983533445745877,9.4763593708504,8.17196581836472,0.8943885813260785
67,61.70045539448487,81.76402795076808,53.86016697827284,27.903860972495245,57.14285714285714,40.54626986542662,1.278255184436199,10.74649412440427,0.8931282417121231
67,63.33768280321865,82.58427426503113,54.965116626678835,27.61915763835229,57.25190839694655,34.76907949441416,-1.8754549109697014,6.845603685502988,0.8951398965133358
67,63.48344281935077,83.2430961691941,55.028493875623546,28.214602293570557,57.446808510638306,37.921296013691666,-1.6359537763686207,17.06483587057499,0.8945043476983094
67,61.63240241453033,81.39659942994082,53.81766056646727,27.578938863473553,56.39097744360902,36.00000000000003,-0.6719073732646668,8.419352480581027,0.8938627492441166
67,63.42526089622358,82.75455110713327,55.08482325627559,27.669727850857676,57.69230769230769,42.83300907789069,-1.4415197642199664,14.921072487642467,0.8940536197186033
67,63.224265788786475,82.5782827065001,54.95721307195815,27.621069634541954,56.65722379603399,23.6431808350738,1.2477156304233166,5.035647543067405,0.8940656104408597
68,99.25945423442127,118.7298791367714,91.22493216490425,27.504946971867156,66.54835847382432,25.81162528784271,-12.921153805499877,6.455953366179636,0.891536982421197
68,98.38798619917704,118.01376286058299,90.05486939906238,27.958893461520603,67.56756756756756,19.89060993625797,-2.566594370869362,3.8516140869253293,0.8899302333797598
68,99.26554443701497,118.74666495428434,91.11149126109865,27.635173693185692,67.68953068592057,19.20000000000002,8.886507770398007,4.996679521800052,0.8889308121733993
68,97.93558893474805,117.49730797743287,89.98350822650038,27.513799750932492,67.44604316546763,11.757550765359266,4.074578011204043,3.359781573663117,0.891248814943059
68,99.14828969532839,118.6031489705471,91.0565459120067,27.5466030585404,66.54835847382432,14.333178293735147,-4.74975964161511,2.907089381868701,0.8925292911681982
68,98.05665368960186,117.69206542268225,90.01337175249657,27.67869367018568,66.84491978609626,37.48919844435194,-10.99156188522068,10.318354063725465,0.8921569090670683
68,99.39483731606529,118.90137853486262,91.21226518224184,27.68911335262078,67.01868399675058,13.41024648333512,-8.179871415330195,3.0296782716435997,0.8945827896020639
68,98.2650855594954,117.9562496467837,90.03409114061552,27.922158506168188,66.84491978609626,34.27885645700569,2.257335503144897,11.690307210529467,0.8925585651696399
68,99.22631264736313,118.5425840347999,91.18135787676712,27.36122615803278,66.48936170212765,24.99279896290129,7.547902810460197,8.322561171783914,0.8920869113155235
68,98.0845765156466,117.643842891256,90.07413380324203,27.569709088013965,67.02412868632707,12.106196760337257,5.940265402795227,3.021944742955893,0.8907195195353305
68,99.18695972495051,118.70447871636489,91.13887569788312,27.565603018481767,66.5483584738243,12.419339757008029,2.4463250607989426,3.236350088529527,0.8936762346534739
68,98.05718002326311,117.77812266165456,90.00502518596757,27.773097475686995,66.84491978609626,11.20000000000001,-1.5141044628810598,3.5476559119419835,0.8923033175586891
69,88.41250076225631,121.42058323939426,74.89920127265498,46.521381966739284,72.68722466960352,30.855568633594796,-15.838550788518006,15.411839145971118,0.7856517073375291
69,88.16867451370629,120.74441931793054,74.83636709809998,45.90805221983055,72.87985865724383,11.02963700952951,4.446434111124191,5.19639769162961,0.7838654096139316
69,86.27074541195813,118.88204397053411,72.88193058265882,46.00011338787529,72.8798586572438,17.873753785373815,-7.2557081682996944,5.30681691664392,0.7903269491092348
69,86.71983724100427,119.16633025524598,72.8795493660722,46.286780889173784,73.52941176470588,15.999999999999973,-1.432925789877447,19.354197495550032,0.7883727424088524
69,86.50532912611007,118.89928474742348,73.09844113986455,45.80084360755893,72.9442970822281,23.588763258511765,10.6187930855201,14.83688794315837,0.7932863138952734
69,88.08021430366543,120.82190948040885,74.87201820632829,45.94989127408056,73.33333333333333,14.90465565957757,5.9576308581145945,6.179973346296206,0.78561096908675
69,86.16741129964241,118.68241006347625,72.98983543078923,45.69257463268703,73.33333333333333,20.77506451939736,-10.173636713823006,5.479191570972182,0.7864610357940091
70,71.16668481645526,101.6164281749746,58.17148177706767,43.44494639790693,80.71192052980133,7.9762962441942955,-4.51124652103667,5.81874323826814,0.7844632256685106
70,68.7396548623864,99.70503903948762,56.43490684239188,43.270132197095734,80.93525179856114,10.498677165349092,-3.5003765722170606,7.826139634814901,0.7824663523581468
70,71.03997081083985,101.82306332048205,58.15031831931854,43.67274500116351,79.91803278688525,8.789450373591208,-5.906519069528013,6.667684306392732,0.7857965465592038
70,69.05730027618688,99.49565269116006,56.297599285787555,43.198053405372505,79.78723404255318,14.96662954709578,3.7423541374498877,5.767738094169054,0.784130744365185
70,70.50442691354944,101.45538951284654,58.09050621160341,43.364883301243125,80.50089445438282,13.399834161494534,-5.750840963402866,6.333135605848826,0.781716552241154
70,69.36855832913493,99.7782641399002,56.40641357769409,43.37185056220611,81.31776480400333,15.737491510823917,-3.9262294989564412,6.6793359529899305,0.7827813491777417
70,70.44826720253847,101.45958497504779,58.08515828946781,43.37442668557998,80.57296329453894,12.840906856172158,-2.1996639892312486,7.163723633646741,0.7817566657470519
70,69.3486300424011,99.82199381179746,56.36457493838855,43.457418873408905,80.64516129032258,16.897883344918146,-3.1081007397504163,7.215841198995884,0.784071299868402
70,70.58174112491405,101.34334477802666,58.14368051789955,43.199664260127115,80.64516129032256,12.220201853215583,1.3351356365213747,6.614795083639424,0.7845663237231385
70,69.05019105316846,99.80276648133191,56.41165086509636,43.39111561623555,79.85257985257985,17.600430333630896,-5.521824490486973,6.536294607235832,0.7860938341529777
70,71.04488555201311,101.8260342749205,58.148097824778546,43.67793645014196,80.28545941123997,15.12907429054697,1.7953038025030885,6.64338721543348,0.7844612002642555
70,68.91636221566705,99.52527858499941,56.497100210262566,43.02817837473685,81.58995815899583,11.512791959304444,6.239079144036701,6.308088164537079,0.7861981217954578
71,102.86320792978292,123.94224099231523,93.79989327343802,30.142347718877218,103.9967373572594,8.626024837563929,-4.216348035830068,4.170975219712199,0.7773264480810324
71,101.28996933403936,122.85564494725126,92.63249641867556,30.223148528575706,106.28875110717449,7.4665922615339975,-4.27059466739446,3.332034730663743,0.7237260016881121
71,102.89799316291796,123.91750321796205,93.93235662220278,29.985146595759275,105.11129431162406,7.73255375301408,-2.607353803117616,3.5918164311733385,0.7537579837002036
71,101.29432372515986,122.92430251819002,92.60802367004295,30.316278848147064,105.54089709762533,10.380269746013322,-1.9204397655095113,3.693884580309368,0.7448385447430428
71,102.83340347063893,124.09113955394152,93.92396769313932,30.1671718608022,105.37190082644628,11.391734999444877,-3.467999832812232,4.545746509073787,0.7652331141689952
71,101.4887423389323,123.09514073814982,92.52348736669948,30.57165337145034,105.98503740648377,10.459346245126019,3.298323840474612,3.7881250465071257,0.7465056123993667
71,102.6116764460487,124.05796248498048,93.83873336469097,30.219229120289512,105.72687224669602,8.703447592764572,1.267966453181729,3.557111315852797,0.749677820978607
71,101.55799070590935,122.79601421825555,92.56341764180291,30.232596576452636,105.98503740648377,11.156018438710266,1.9623000813333253,3.755742560043407,0.7372697216996459
71,102.69787552424593,124.14163819672996,93.76772131178815,30.373916884941806,106.07321131447586,8.574525721547534,5.245261023002348,3.8584253670543105,0.7293126249517744
71,101.354578191474,122.67179116872146,92.61686477090812,30.054926397813333,105.82010582010581,11.269427669584617,1.445594553062921,4.536748872764611,0.7389445881968212
71,102.83860853630912,124.01414525581488,93.87108197225221,30.143063283562668,105.89700996677742,14.320116757367442,2.346205492099483,3.928885271495798,0.728178267188427
71,101.2669885810067,122.8964873332662,92.5995799375756,30.296907395690596,105.17090271691498,8.817596044274174,0.7809484730136356,3.8540772322133448,0.7484044534212558
72,68.67964954577607,89.74203276344696,59.86584282805223,29.876189935394727,102.21465076660989,11.958260743101393,-10.027422217435353,5.668514921271596,0.7776275221512593
72,67.49204553272571,88.5365043979285,58.70667996695873,29.829824430969765,102.47651579846287,13.332291625973378,-7.996869410617732,5.294550486961764,0.7812610197821243
72,68.67253021636671,89.7995943437078,59.97486599398812,29.824728349719678,101.4370245139476,9.9874921777191,-6.249836353222425,5.2636773217335024,0.7800739784621767
72,67.4875587795558,88.54466854301516,58.70385938610953,29.840809156905635,101.35135135135135,15.231546211727816,-4.315591162261644,5.491654041167894,0.7718429474808456
72,68.7581822626299,89.69448346599339,60.049982769871605,29.64450069612178,101.26582278481013,11.124297730643503,-1.7324242809055677,4.511549378811827,0.7807943920337325
72,67.44199047036363,88.49345370460124,58.6297373752199,29.86371632938134,101.52284263959392,14.106735979665881,0.8944168441756026,4.714694298935799,0.7811489101791405
72,68.70683539850735,89.48074635512803,59.968690512160755,29.51205584296728,101.09519797809605,9.886859966642602,2.47021234633236,4.626470461093315,0.7831803769815454
72,67.4267437055625,88.49744923822144,58.704551644759626,29.79289759346181,101.78117048346057,10.476163419878489,3.5252168471710865,5.157705273103786,0.7835698768666531
72,68.68936337972252,89.79647871284881,59.96438352597838,29.832095186870433,101.4370245139476,11.478240283248988,3.7474317648874083,4.765672644955905,0.7803691162248856
72,67.44261160221983,88.46829277633279,58.73856805852639,29.7297247178064,101.60880609652835,13.919410907075068,3.2493710828828766,5.988774449106926,0.7838655695109477
72,68.71014578317046,90.1704928659388,59.97731136259907,30.19318150333973,101.78117048346057,11.905880899790667,4.157264062705009,5.11827771590583,0.7813683091523543
72,67.43399140059715,88.64807251119035,58.69089581908491,29.957176692105442,101.01010101010101,7.211102550927985,3.085544055016943,5.7501209629644405,0.7837553843233569
73,91.43751096761676,123.46552945290493,78.29305873538468,45.172470717520255,102.21465076660989,14.387494569938172,-15.304576923515,5.286014529728665,0.7777712267751861
73,89.56356490796712,121.33029044404103,76.33219926392536,44.998091180115665,101.95412064570942,11.651180197731055,-13.904053521429699,6.192587301353464,0.7840329517133291
73,91.70874380596389,123.35933954674758,78.2542000939554,45.10513945279217,103.40632603406326,9.938217450326055,-4.349341465026332,5.577851087758308,0.7818111073975824
73,89.64603785280627,121.40297690658721,76.40156531084587,45.001411595741345,102.65183917878528,9.9874921777191,6.806437125727878,4.818927692089528,0.7809217297307972
73,91.46979034869756,122.89067656250798,78.28392324505846,44.60675331744952,103.18142734307824,10.087120500916,10.752033822218795,5.455708253624753,0.783650302839594
73,89.52356424919614,120.88155314022212,76.4641215192757,44.41743162094643,102.47651579846287,11.390785749894512,11.01380606389568,5.39794873466756,0.7785859624648959
73,91.43087904358791,123.43815221616295,78.3396392339106,45.098512982252345,101.86757215619694,11.958260743101409,9.45687143399338,6.142631657832193,0.7814242784991984
73,89.37407506956951,121.19644698135878,76.37367808488858,44.822768896470194,103.71650821089023,14.34398828778104,1.8540139094720725,4.763806559494659,0.7770498214476751
73,91.32652743195369,122.89637188729539,78.12856507531578,44.76780681197961,102.91595197255575,11.26942766958464,-8.15569209378175,6.155567585009169,0.7844711471893027
73,89.5582278250953,120.99737505286974,76.54971446596618,44.44766058690357,102.3890784982935,9.591663046625428,-14.428576653007342,5.11194161842759,0.7842108696295772
73,91.57671173292132,123.5143394153602,78.31355257043738,45.20078684492282,102.90556900726392,8.177951622109545,-10.960490976956025,5.130098008503562,0.7814887899311146
73,89.77455946474124,121.52248072472054,76.38342605153636,45.13905467318418,103.27022375215147,9.327379053088809,1.6942672214628698,6.487973527363404,0.77630720980027
74,66.04610163756487,94.19317845901782,54.363008960847814,39.83016949817,95.41984732824429,12.998461447417549,-9.41333974477953,5.28915745368116,0.7819428533379114
74,64.33504168764743,92.25063337529359,52.646630138862605,39.604003236430984,94.85666104553121,7.4284737478315375,-1.6503770826050734,6.268765723631155,0.7856770212098539
74,65.98429225528014,94.07216172390086,54.143327773256324,39.92883395064454,95.41984732824429,12.665964892840456,3.5327769889644585,5.979808908727359,0.7835705665794259
74,64.32950062010835,92.52593886129976,52.56119163808908,39.964747223210686,95.17766497461929,13.763720427268217,8.874810758028085,6.993585691077242,0.7828412130354361
74,65.59847603531786,93.61498705554872,54.158942316486794,39.45604473906193,94.53781512605045,15.365184310280476,-0.06862720968833491,15.149545555953337,0.7821769296009162
74,64.26048947191673,92.41781480669069,52.67889751138201,39.738917295308674,95.25825571549534,8.987893091388125,-9.977996897822832,6.486180946816181,0.7841453956850852
74,65.92604305468836,93.70531509510342,54.245825888298484,39.45948920680493,95.17766497461929,10.613199329137291,-9.08761785713186,6.573278015936316,0.7845722795154412
74,64.37081420258642,92.11427169991863,52.60564040549462,39.50863129442401,94.45843828715365,11.973303637676622,-2.5301931858989892,5.763789669034375,0.782963034579211
74,66.0166846095939,94.02135887502385,54.415005654594545,39.606353220429305,94.85666104553123,8.987893091388125,6.330926848406582,6.275915551245776,0.7844901227236817
74,64.18727885401154,92.17482849257016,52.57947865188254,39.59534984068762,95.58198810535261,11.635959588944772,8.328735918389755,6.797473333877341,0.7866208531471288
74,65.90056805559253,94.14271174566555,54.349538537969664,39.79317320769589,95.0168918918919,8.987893091388125,6.397393707012182,6.551197192715639,0.7860365151521905
74,64.00879322854024,91.80768765179316,52.54139585956535,39.26629179222781,94.93670886075951,7.406560798180418,-2.353560555094778,6.556295425282229,0.7866767862969136
75,62.81249986837501,97.99093239995322,48.381137990897,49.60979440905622,96.15384615384616,8.763560920082664,-13.329172765688632,7.89074193406432,0.7835959701263865
75,60.58805653796671,95.10361106068824,46.36701019474137,48.73660086594687,95.41984732824429,14.251081830279892,-11.310518697987698,7.400230453200894,0.7828463694490293
75,60.51553833349205,95.17901214372385,46.29895460403297,48.88005753969088,96.31849315068493,11.635959588944774,-4.551319837149952,7.364698196268828,0.7810465729479278
75,62.72668899872052,97.5887725590363,48.36703983776714,49.22173272126916,96.98275862068968,8.088400473654994,-11.84841677513203,7.1302888954397226,0.7809572560827576
75,60.66685867551772,95.10448205981994,46.260983296167694,48.84349876365225,96.61835748792271,11.958260743101409,-6.16976968196291,7.561987737425987,0.781856159539727
75,62.56855611278731,97.2616165131031,48.17994734221522,49.081669170887885,95.10869565217392,13.130428906372648,-8.426208146057744,7.097299142138979,0.784906912731238
75,62.835636865786405,97.57045496147833,48.35618945148172,49.214265509996615,96.85230024213077,13.55544171172597,-12.064166385327475,14.520353015827778,0.7850286422947275
76,66.68130406218481,94.02106692222407,54.95357151911365,39.067495403110414,74.50331125827815,13.199326582148858,-4.965534261885559,6.205450719973206,0.7855259247126224
76,64.61694092763369,92.25567488414102,53.28049738863562,38.9751774955054,74.12398921832884,8.228151635625244,4.515042629756923,6.396005650684537,0.7844456588329523
76,66.32230713447186,94.18374057920553,54.93488309676226,39.24885748244327,74.50331125827813,19.68643074697784,0.6072765417632857,6.797059219529523,0.7877369539047581
76,64.91162449386796,92.26414427418669,53.25669713553469,39.007447138652005,73.9247311827957,15.393462173466675,6.1052523033822625,8.524545237381059,0.7855185928279471
76,66.05802957874931,93.81907406504956,55.02141651119688,38.79765755385268,74.25742574257424,22.6274169979695,2.1701369967375364,6.333415939231599,0.7848534827975178
76,64.88546581695437,92.34825643016377,53.3471819061761,39.001074523987675,74.75083056478404,15.776212754932303,-2.515438701306712,6.833982631395936,0.7830771194406186
76,66.34270981360471,93.85150587631554,55.011476441594965,38.84002943472058,73.9247311827957,11.499191491521348,3.1875455250335034,6.163665588450437,0.7825281436803172
76,64.51374897351656,92.44339077005914,53.330419501632704,39.112971268426435,74.59312839059675,17.515046660061493,-3.6149765750633587,17.63243262281669,0.7871184438224106
76,66.68666429647222,94.01556398547129,54.90581610120359,39.1097478842677,74.56503728251863,15.477582354991833,1.8723402988985836,5.40871241702035,0.7867561832014108
76,64.41249442118479,92.17046217763956,53.32396058129873,38.846501596340836,74.79601087941977,15.665933984391252,1.664195703616796,5.185629323962624,0.7852000897765584
76,66.54130350215121,94.01192861208366,54.969164918613366,39.0427636934703,74.31874483897604,18.024674446127673,-2.368047108644487,6.693151662516411,0.7857319603861175
76,64.6178548765537,91.99920690663843,53.357829843122786,38.64137706351565,74.19064748201438,12.512473115698334,0.3588388176827882,7.424543216437749,0.7892311147104454
77,78.9745606353983,111.45519467808498,65.35878373081215,46.09641094727283,73.11129163281883,16.79947089113885,-12.476442577800515,11.534269147531669,0.796339730222499
77,77.09527691790981,109.33294974700182,63.396127976559086,45.936821770442734,72.55936675461741,14.581772840555203,2.2611714408660912,5.934555291427984,0.8115784038471173
77,78.68786085868923,110.91276380729195,65.34928763469637,45.563476172595585,71.55247181266262,15.933747127423029,7.3687802696141915,6.773532106967004,0.8310509636746205
77,76.90484374831736,109.48750080315499,63.48920440728266,45.99829639587233,72.49560632688929,16.13168946386823,5.978687849437394,6.420453649451187,0.80758242992918
77,76.68180464889957,109.08217704757814,63.46479418344423,45.61738286413391,73.33333333333333,12.804957717570154,7.754903325083193,5.912888477894695,0.787464982307005
77,78.57128013980699,110.86413541694886,65.29534924261257,45.56878617433628,73.07351638618246,16.098868088129915,-5.380252625473406,5.384813524093354,0.7881763155014333
77,76.91935405583608,109.64539782311154,63.37574119754562,46.269656625565915,72.11538461538461,9.025217197084269,-10.685051025143807,6.001582205160969,0.8177993964734006
77,78.86613912503,111.40010599116047,65.22108564016808,46.17902035099239,73.64975450081833,24.621580416825825,-6.783631120188091,6.4301128526929805,0.7925597629635939
77,76.89583481297389,109.68882054560245,63.50500024333538,46.18382030226707,72.17847769028872,18.513341180156885,-3.861632054749217,5.9894890486616905,0.8225877024802531
77,78.96475437862654,111.57119530626962,65.47847226364104,46.09272304262858,72.87985865724383,13.837307338502129,1.9852406938454317,5.101283201193988,0.7888529541475926
77,76.90360064711132,109.28825891325526,63.431593991129205,45.85666492212606,73.20319432120672,13.370746407891053,10.513847305003383,5.745212992616208,0.7869315535589737
78,79.27300539451267,112.48952141347357,65.00542237717323,47.484099036300336,74.81296758104736,9.865765724632478,-5.801792425453473,5.477421199317938,0.7835366332579417
78,76.54463771373632,110.17456879206625,63.02529086215681,47.149277929909445,75.54945054945054,11.360363164955144,-4.067993058666648,7.010343232266685,0.7861930565935134
78,79.28167452127383,112.47017158181804,65.05324970922031,47.416921872597726,75.503355704698,13.597385369580758,-3.86277400968971,6.44291573697639,0.7892136087077795
78,76.5720576214291,110.79218027263114,63.075508682734494,47.71667158989665,75.0,12.299297836572904,-0.6373568137435627,6.000230443847776,0.7854761235783706
78,79.26384418126868,112.30386418860833,65.08649381690024,47.217370371708085,74.75083056478404,17.688665548562113,1.6236722613059298,14.4700885619053,0.7860406338251706
78,76.49144970927024,110.03973131743795,63.13515151115614,46.904579806281816,75.82139848357203,17.72631440041111,2.591737349135966,15.663019360894712,0.7835623737758525
78,79.12927263781896,112.48850436137259,65.098787983952,47.3897163774206,75.44006705783738,17.422845793829307,-3.2371826184640695,5.023799409732921,0.7864076795295045
78,76.70168976198457,110.30852920149736,62.998135682258145,47.31039351923922,75.18796992481202,17.320508075688757,0.6578387751764837,7.0593665153491445,0.7879246288613753
78,79.00833044175647,112.04367403102401,64.89769135659891,47.1459826744251,74.7282608695652,12.887305561214047,-1.6434629464344481,7.648597117075344,0.7922742559396976
78,76.64059916438468,110.50366059726741,62.972728455194236,47.530932142073176,75.37688442211054,19.18332609325087,-6.494248400806867,15.100596700898716,0.7823983968665943
78,79.24897317179145,113.06635566732871,65.07172520248092,47.99463046484779,74.50331125827815,10.498677165349047,-3.4608061421353917,6.763772650128476,0.787901329204272
78,76.61569423858153,110.62516787553317,62.867980102894826,47.75718777263834,75.88532883642496,14.544949486180949,-0.057343790873832866,14.994376235922967,0.7884091728973721
79,79.80930837937687,103.89515371767119,69.81442298127739,34.080730736393804,59.576345984112976,21.147337339325027,-16.055101264083085,4.6406645704313725,0.8938338683850078
79,78.39705991732747,102.37260253606588,68.39261957725628,33.9799829588096,59.734513274336294,18.898037000417172,-12.326681233850433,4.152186233298637,0.8932338495701203
79,79.84527652617514,103.81972439512452,69.79554758447728,34.02417681064725,58.900523560209415,25.85429257288711,-7.174715767243981,7.209836738643291,0.8954651049018645
79,78.27574263551165,102.48407713901403,68.47409071155073,34.0099864274633,60.70143884892086,16.91226452483597,-7.6716305417240935,5.030354313142456,0.8949642511679736
79,79.67225533812525,103.72561082590109,69.74577343650789,33.9798373893932,60.53811659192826,38.9085664502032,-13.461345344897985,12.072198609201235,0.8937972412301265
79,78.3767946371174,102.33693528980515,68.40316212029505,33.933773169510104,59.94671403197158,15.75115124148388,-15.368713534933978,4.8184305412625195,0.8928772958324954
79,79.76956460827189,103.89873958651926,69.82887065833317,34.06986892818608,60.16042780748664,21.66410241236258,-13.365690935770948,4.010681331523113,0.8934432823935553
79,78.42676538474777,102.57531118787027,68.31352632953187,34.2617848583384,59.523809523809526,21.333333333333353,-10.539116208120374,9.0996711068424,0.8929728677185573
79,79.83657326505293,103.7155525926536,69.73302115686546,33.98253143578813,59.47136563876651,30.03865821993923,-4.168250104908683,4.250634663428076,0.8936923460410225
79,78.37158825614188,102.35995135240631,68.50372433821092,33.8562270141954,59.787422497785656,24.761579159438458,-1.5341487035833294,13.624986282080693,0.8924814879643113
79,79.67330001606413,103.79937229941225,69.79501233844486,34.00435996096739,60.37567084078713,33.25917677132391,-3.83696913809645,5.7521394481009835,0.892889964585374
79,78.4252044086121,102.53599516597095,68.40312681596002,34.132868350010924,59.471365638766514,41.21608220220315,-3.426093965810525,16.872502848697003,0.8930331654726132
80,103.8648443600412,125.6257738333648,94.68341225830707,30.94236157505773,82.00168208578637,13.169805882481672,-5.9194054908896225,3.570777687183525,0.7839404470262856
80,102.22632975941418,124.02138922182759,93.43574033154425,30.585648890283338,80.4289544235925,11.832159566199245,-4.634024559338462,3.9908817817291213,0.7848069409125046
80,103.95361233434824,125.7082120471013,94.85308224014632,30.855129806954977,80.91286307053942,10.111801061633846,-2.354114422834919,4.12398522579317,0.7870327508998387
80,102.18982362871539,124.20208796328451,93.44196117435536,30.760126788929156,81.44796380090497,14.031710119899468,-0.7494090766909525,3.3813665332923044,0.7878883369472021
80,103.87774739212391,125.3484341750314,94.76837128298186,30.58006289204954,81.25000000000001,13.454283759431057,-0.747052967867753,3.8052002042886377,0.7872414640724361
80,102.20299528624413,123.83031552712745,93.40389894745026,30.426416579677195,80.93525179856115,13.597385369580772,-0.5327649094731498,10.579171046828884,0.7869731788205065
80,103.88074143681696,125.4373625100965,94.72871352895109,30.708648981145416,81.31776480400333,14.432048491764412,-0.04418150732788521,3.7416929797399114,0.7847340787026603
80,102.30587876569261,124.2051163725495,93.39174193217822,30.813374440371277,81.31776480400333,10.479622379031643,3.8561164464851987,3.7591598137241613,0.7875386837703799
80,103.66099562126813,125.29894564132054,94.72867183921737,30.570273802103173,81.59564823209429,14.031710119899472,-0.8381247429671134,3.048531253881011,0.7848636682948215
80,102.53639498795205,124.40908965513992,93.53630044274233,30.872789212397592,82.07070707070707,11.111058514010955,3.0397503002671753,3.4801598689886846,0.784019370135486
80,103.6267695761337,125.43837684319966,94.63758454092063,30.800792302279035,82.55715495342932,13.62211915149457,4.732814221688382,3.457752143199518,0.7860173083389782
80,102.25917328231402,123.85484469962176,93.38381667856548,30.471028021056284,81.81818181818183,12.364824660660949,-3.1612245188703523,3.3798975994803997,0.7857915699338651
81,93.33730942753083,117.2468254862353,83.44220465123934,33.80462083499596,83.33333333333334,13.31280470940551,-9.949480411997932,4.708109856628303,0.7842259639357454
81,91.99099029415974,116.0375786730302,81.99516165052079,34.04241702250941,83.12020460358056,16.351175699183305,-0.0459883840810928,4.473448254354928,0.784538031574225
81,93.22495053190254,117.14001218251228,83.29275576056126,33.847256421951016,89.97429305912596,142.99992864276797,5.354747816161034,15.06435452315555,0.7834650326596574
81,91.81027378596873,115.5333617683608,81.88471203134274,33.64864973701806,83.26216908625108,15.83345271417674,5.150184654336959,4.332922610321911,0.7823779018547726
81,93.22290618619644,117.03431441879954,83.48950004144604,33.544814377353504,83.12020460358058,11.380456620865813,4.242579427857842,5.112252771230091,0.7842370707817222
81,91.82350957390021,115.92732633395312,81.95402384195924,33.97330249199388,83.04940374787054,10.111801061633846,5.18650615959877,4.528979053485487,0.7860675992803037
81,93.20616780043817,117.21057919108527,83.41658242719359,33.793996763891684,84.05172413793105,16.04726745896036,6.130739073787543,4.18066336248985,0.7825339796127232
81,91.81360983198584,115.87745443834774,82.01368943951785,33.86376499882989,84.48873483535529,7.784068086568325,4.87478814800515,3.8178260352876214,0.7823086046415747
81,93.01482477736154,116.97234936508849,83.38438737564618,33.587961989442306,82.72058823529413,11.469767022723513,-4.523014948620448,4.533750151474711,0.7842771544478758
81,91.84062872004492,116.12288312164547,81.99432628553397,34.1285568361115,83.69098712446353,18.172089920287277,-10.773582419406909,4.354784322989148,0.7833362158011817
81,93.24619550121727,117.12016070538662,83.3878416015305,33.73231910385613,83.69098712446353,11.545638793411527,-8.794664337395144,5.162872127203418,0.7839332784433629
81,91.9440412141285,115.76470930787127,81.87911937664903,33.88558993122224,82.83772302463892,8.0706935683717,-4.5523162937439405,3.8581561345494313,0.7820553619038421
82,93.10538637873334,119.13156482191141,82.27634570062702,36.85521912128439,97.15025906735752,11.38888346883341,-8.655872649678855,4.254704719534006,0.7815488143448271
82,94.76719900323262,120.90307867780305,83.89127467556528,37.01180400223777,96.61835748792271,14.933184523068093,-3.4257390259559783,9.012994839913047,0.7824406183714395
82,93.13150525951595,118.71988470245931,82.30189060108866,36.41799410137065,96.31849315068493,9.629584045476163,3.758667674036124,4.758037021894161,0.7864252868243218
82,94.61500046777756,120.57647296548589,83.76789165022849,36.8085813152574,96.31849315068494,10.877908295664618,3.9499779097533745,4.983996888738883,0.7833906570324565
82,93.10550437715095,119.14810597798451,82.30467287244538,36.843433105539134,95.74468085106382,12.278255395436107,2.7313786082832046,4.897030245336078,0.7831966156870422
82,94.61687054838022,120.58630430326546,83.88481388528334,36.70149041798213,96.56652360515021,8.599741598185128,9.487151473799447,4.407031728622409,0.7833153094304607
82,93.04479132951482,119.08522155750225,82.24679034832498,36.83843120917727,96.23609923011121,9.450690744890327,7.420514677278462,4.0215521279233535,0.7834380906883177
82,94.58015364689665,120.43237785430915,83.87368370166294,36.55869415264621,96.15384615384616,13.701581417242817,4.726567705747402,4.7155636271071995,0.7832819759534764
83,70.21196403568061,100.76855425877534,57.50811824859074,43.2604360101846,90.43927648578811,15.555037244361369,-13.333470327983141,5.304024076594416,0.785868946329216
83,68.23926800464308,98.55092137471046,55.51592729874558,43.034994075964875,89.8972602739726,8.398250546685171,-12.21096717328001,5.944068889133533,0.7843427606639002
83,70.09923739324168,100.73746058722249,57.46331024546927,43.27415034175321,90.12875536480686,13.241863115721676,-13.686301642834898,6.118758807890641,0.7836863094662123
83,68.49362767913192,99.32129483407275,55.596018697773005,43.72527613629974,90.7258064516129,18.628532476344507,-7.691234177506422,9.131886148935006,0.7846907956609173
83,70.16823439084963,100.61591847585039,57.475082411170135,43.14083606468026,90.59534081104401,12.532406971120738,0.8855630471392822,6.063046232710508,0.7856030551637253
83,68.4030296319816,99.40561653656214,55.623646820662586,43.78196971589955,90.28374892519348,10.237984495525087,6.793920274686066,7.524611055190328,0.7866064996496271
83,70.0246932884341,100.08547397853486,57.39161923019997,42.69385474833489,90.51724137931035,14.768969123794397,8.37008773213173,5.979995997234582,0.7871138624949924
83,68.38391270907354,101.9346176736358,41.71412160815952,60.220496065476276,96.56652360515024,147.8786289119861,13.02325390764825,40.68847988949253,0.7603364270091191
83,70.04604436308783,100.61478251474733,57.57891143978777,43.035871074959566,90.90909090909092,14.422205101855955,9.251294560104698,6.288692464398269,0.7848151916328179
83,68.28110722398006,98.73072552025725,55.66366969153648,43.067055828720775,89.666951323655,12.687773320671134,7.157895349412314,5.454498075760873,0.78522483362936
83,70.16508595069091,101.11938730624358,57.51153385554122,43.607853450702365,90.51724137931035,13.809195398393808,7.340006948402411,6.103181552840519,0.7822755430253048
83,68.08150035959831,98.3730630088558,55.588049310719484,42.78501369813631,90.90909090909092,8.417668492946428,1.5140696312793234,4.880748681618844,0.7837633862434341
84,74.52197133942308,103.9326539993475,61.890191174283295,42.0424628250642,73.7100737100737,15.362291495737187,-5.510761229251124,5.612993872338441,0.7883000391951112
84,72.59574438722274,102.32106471508403,60.08154576519738,42.23951894988665,73.26820603907636,11.453102362198965,10.390185492096187,5.886404421929485,0.7851366549179232
84,74.05124088658833,103.94650619021567,61.96851739820943,41.977988792006244,73.66071428571428,13.989370226670035,8.623997728838326,4.73441462742302,0.7910010323672811
84,72.27659268945811,102.12789769990019,60.15938348891518,41.968514210985006,73.00884955752211,23.408693730081556,-5.077547880167735,11.90211874797363,0.7888143904952426
84,74.43879860152327,103.8344928041827,61.83595636221922,41.99853644196348,73.89162561576353,15.49193338482963,-4.1123636854206485,4.767520635961481,0.7867441003748165
84,72.50061675589505,102.48989205428579,60.17041537649114,42.31947667779465,74.05745062836624,23.408693730081552,4.775466578251345,12.036862069373244,0.7856849537348314
84,74.0269349249045,104.14475082282296,61.821668971986384,42.32308185083657,73.9247311827957,26.060324170427492,-2.3274799363829106,19.902411964031344,0.785209418908073
84,72.52579228559213,102.37634612624721,60.14413051914949,42.23221560709772,73.46938775510203,19.44793619441974,-9.897251040650323,12.777256170791274,0.7857879292852853
84,74.44836880939535,103.91984418757535,61.912272059024176,42.007572128551175,73.17073170731707,16.165807537309504,-0.2544208557367005,5.558418729073732,0.7862802211368523
84,72.40627461718921,102.11844726763117,60.16031223685653,41.95813503077464,73.5950044603033,12.038505714361307,6.28711847920961,5.989115155857851,0.7806184953075388
84,73.88599814258235,103.67539945476908,61.78200926367145,41.89339019109763,74.32432432432432,24.940259199246892,-7.0361533054196785,20.386156015557344,0.782710462663115
84,72.53242668942116,102.38667249570942,60.133547220999304,42.253125274710115,72.49560632688929,25.836101335755053,-16.919700059642786,14.917642837632442,0.7918936580195611
85,72.7253756317268,97.69095276399962,62.598413385720626,35.09253937827899,80.78994614003591,16.59986613065166,4.303124125085319,11.654026151141721,0.7850532304689508
85,73.04864054096825,97.94135826800336,62.56632892938,35.37502933862336,80.04926108374384,11.042682119954694,-3.6803538204370496,5.591088798892645,0.7831413689847179
85,74.148601705381,99.16639418578963,64.05880542465819,35.10758876113144,80.86253369272237,22.65686062395526,2.456323783425056,4.088562659818043,0.7858764517924155
85,72.8690986237272,97.41736333069035,62.54773500885067,34.86962832183968,81.25000000000001,9.612614985731275,3.1061448352102885,5.980704800270989,0.7826090778057808
85,74.14428950663708,99.08091350454008,64.03797482111287,35.04293868342721,80.35714285714285,17.987650084309404,2.2362186970560876,4.620002682115681,0.7847315820561617
85,74.53241976915545,99.19274100444268,64.05975689557312,35.132984108869564,80.57851239669422,16.44355595801526,-0.4162509057518718,5.028040371846139,0.7839597365294035
85,74.52035943263962,99.24277141674773,63.9808714076996,35.26190000904813,80.91286307053942,14.510555227755825,-1.3175389248734735,5.36548668611611,0.7862370197180839
86,80.7599075215979,100.33896168202243,72.44871908993238,27.890242592090047,80.77879038939518,13.62211915149457,-1.874656425958675,3.2634972288018953,0.7849086661062711
86,79.11900906976273,98.46623837988918,71.1402763160419,27.32596206384727,81.15419296663661,13.646326326972492,0.6718168847740911,4.006191915219663,0.7869308936751639
86,80.62423484049486,100.0379414985529,72.38639627717423,27.65154522137867,80.91286307053942,9.08604496014364,-1.2054552072418994,3.5680085672378943,0.7843435003347046
86,79.51609589843966,98.79740195013497,71.23980164783245,27.557600302302518,80.37922506183018,15.494988691709764,2.1504994390292396,3.6923231052369156,0.7830821668072028
86,80.2095792634271,99.82338210478355,72.37942215087278,27.443959953910763,81.2274368231047,15.776212754932326,-1.9545891337225874,11.445281016269314,0.782986760819133
86,79.62542497474331,99.28741589055116,71.20898393706767,28.078431953483488,81.11480865224627,14.247183880357214,-1.2001030348568065,4.605675957987392,0.7838982101306087
86,80.27055146088689,99.90369226729058,72.40881362336178,27.4948786439288,80.78994614003591,9.706813185707368,0.4116074181997239,4.055213868492668,0.7831685670563616
86,79.50225524406714,98.75780593471502,71.22179200585958,27.53601392885544,80.98006644518271,13.870064824104189,-1.9931204014211776,4.260128666188244,0.785014829074828
87,74.17791443037963,107.23539483216277,60.11105689925767,47.1243379329051,105.28488852188273,8.903947260435027,-4.2794449258865015,5.796323760679584,0.7553020516272779
87,71.83716570788242,105.42150342942006,58.121635421937235,47.29986800748282,106.07321131447586,9.80360783811745,5.983860759265844,6.534446122735378,0.7151975331827879
87,73.82795558266496,106.92859201470395,60.17838198799829,46.75021002670566,105.72687224669602,11.821590417536864,1.515834550949523,6.175424929124463,0.7430566727969082
87,72.00204557665785,105.4486730481308,58.10807660974896,47.34059643838184,105.11129431162406,15.748894617111983,0.3589904351428742,8.249921494796805,0.7625200844375052
87,73.7362559133488,107.35902856900942,60.162872503084564,47.19615606592486,105.54089709762533,7.729812416870122,-1.7900323560210591,7.064601131988349,0.7479563561576215
87,72.17643405001812,105.63221060293098,58.12121134683522,47.510999256095765,105.63380281690142,9.100743343912306,4.575300990951937,6.3872974283973,0.7474158775293245
87,73.47117246040216,106.83291686066876,59.86299689552022,46.96991996514854,105.17090271691498,7.858116822750827,0.7513341973355112,7.0013341034141865,0.7459077733793134
87,71.90184067928398,105.16498207076782,58.12741409015438,47.03756798061344,107.50421585160201,14.133324628405814,-11.497404309930578,6.997331699775303,0.7120037100813624
87,74.1399866870341,107.28889679549603,60.02094644584932,47.26795034964671,105.37190082644629,9.19756248738447,-2.06807894603233,7.927477197345574,0.7408683293130816
87,71.7372337858935,105.61309732583128,58.13898346780281,47.47411385802847,104.80349344978166,8.930285549745857,2.1673072622909215,6.732740717259557,0.7699352869201818
87,74.07109651411565,107.08767707518663,60.09389776929056,46.993779305896076,105.45905707196029,10.585620592190082,2.4738681065347032,6.5340438223533805,0.7331005118799866
87,71.77489162542233,105.18205848434778,58.17319832455008,47.0088601597977,106.1615320566195,9.871142100424917,4.956502346461729,7.165657066125249,0.7405609651788562
88,95.24698847073286,134.2715519124714,79.11126074147764,55.16029117099377,71.24352331606217,14.90465565957761,-13.835206991450331,4.935360289711714,0.8293308512187538
88,92.4602186880696,131.05823138337533,76.55827715667797,54.499954226697355,72.36842105263158,13.331129294416952,-7.211024937394645,5.856304651356404,0.7894687474896953
88,95.16841839177782,133.59829292348806,78.91151331725375,54.68677960623431,70.9372312983663,20.77506451939738,-7.205743596008097,5.450647591437723,0.8608491048601462
88,92.84761748259874,131.6203575890137,76.60410942503958,55.016248163974126,71.1206896551724,14.618000903448555,10.477471449200069,9.098305585048964,0.8330508911852095
88,94.85213359322563,133.2289978168851,78.79122201157767,54.43777580530744,71.1206896551724,11.994489092705932,13.00582543644378,5.999809701679176,0.8145624728763334
88,92.72317182207019,131.73451414339453,76.70051571548187,55.033998427912664,71.73913043478261,10.438327341387154,13.887553602549351,6.558200724853827,0.8177164445694625
88,94.77186826005615,133.16881563522003,78.89055440079012,54.278261234429905,71.24352331606217,23.655935952422684,11.677822316741295,5.703882841196469,0.8416369200752796
88,92.5034206413669,131.09790452256408,76.70074001843173,54.39716450413235,71.18205349439171,14.975462023253831,-0.5110827435256401,6.226117547860879,0.8231974911037314
88,94.67673894174136,133.6256076725413,78.911220676721,54.71438699582029,70.95553453169347,15.200000000000014,-12.206270535133832,6.211071323696689,0.8397913003705185
88,92.63105373309727,131.3853189708076,76.7883060441363,54.59701292667128,72.17847769028869,26.9581861714191,-22.864514699011817,18.88773850886521,0.8131153864965583
88,95.05803562896375,133.72076179439742,78.98680518879712,54.7339566056003,72.11538461538461,18.050434394168505,-20.262526576133013,14.009830226863349,0.799843154079219
88,92.64240631225277,130.96642121030052,76.74264993103881,54.22377127926171,71.3667820069204,23.745203952457466,-17.066278163966757,17.28066671115914,0.8251920761148084
89,75.40023121404366,106.59243736822629,62.198752242636104,44.39368512559018,92.51644736842105,10.719867329195626,-5.613983599537207,6.589920937132766,0.7853849854674557
89,75.1253094898426,106.83283297488025,62.03366641929714,44.799166555583106,92.59259259259261,16.000000000000014,-2.763685999641807,6.31708261002875,0.782308132516008
89,74.87756119107614,106.6223854539341,62.08770453932217,44.53468091461193,92.26713532513182,10.659861774958657,-3.8426255193600496,5.24809670174898,0.7814114300832236
89,73.57896222625259,104.78875937804804,60.371456447020755,44.41730293102729,93.1291390728477,12.34755936297625,1.0448563616148838,5.99910797949433,0.7823281256225533
89,73.53104527711973,104.9985916699799,60.23836705061267,44.76022461936723,92.13759213759214,10.451156235874903,-0.31566062491843255,5.973529776804094,0.7868990546853978
89,73.3521929514315,104.80705802529849,60.13496791192554,44.672090113372946,92.13759213759215,15.40216435007322,2.4206864471280274,6.709823323798057,0.7830332079839905
90,65.35980307676934,90.31754427341575,54.904619304172364,35.412924969243385,72.75132275132275,30.021479913527685,-13.117703736009219,13.626623983333468,0.7962917085517984
90,63.79298718428931,89.15144734572405,53.363283694945,35.788163650779055,71.80156657963447,23.476381660463954,-11.511988468461281,15.096729836447418,0.8056303671984826
90,65.22548789235775,90.1391265990138,54.83691093268968,35.30221566632412,71.86411149825783,13.331129294417002,-13.293985715667521,6.669123178572415,0.8179841941112874
90,63.89561877610485,88.98356188413504,53.49990543322995,35.483656450905094,72.11538461538461,11.816783134015953,-13.474570444437308,5.6549109143604355,0.7912354121453502
90,65.31025566669835,90.66764679533968,54.88870963377588,35.778937161563796,72.522159548751,24.971094400437373,-9.60709955702895,13.893471430489965,0.803282064382488
90,63.858521058134734,89.02674285532251,53.515038688330264,35.511704166992246,72.24168126094571,22.3214680046877,-6.832737316391128,6.176205113183364,0.8293808473470852
90,65.46288874208084,90.70743508611802,54.872726111095254,35.83470897502277,72.43195785776997,10.438327341387135,1.648825767008456,5.134238615879112,0.7949633000133898
90,63.769084339957416,88.64452123965845,53.38432055368728,35.260200685971164,72.75132275132275,13.410246483335083,6.436069045689067,5.814668045763197,0.7907989607031607
90,65.31886772054105,90.5757196858869,54.86517290958996,35.71054677629694,71.92676547515256,26.222191094283556,6.580640561581236,16.045975730449697,0.8179769401093199
90,63.839512288654525,89.38131363053944,53.346840516698386,36.03447311384105,72.36842105263158,21.10344455061368,8.007943245369427,16.44733997703348,0.8036757953705589
90,65.18039102345773,90.14343493280238,54.7497776991109,35.39365723369148,71.0594315245478,19.103891689547215,6.391240734073436,7.700936060940725,0.82906541683619
90,63.86370543868481,89.56303901252926,53.43753827391955,36.12550073860971,71.86411149825783,16.456303271250555,4.156033632527981,8.907317387627499,0.8312596560728683
91,95.45541346898776,131.82407791767378,80.26627796620893,51.557799951464844,91.09311740890689,9.977753031397185,-14.866650584754822,6.00094286174633,0.7851500449860217
91,93.49127780133553,130.2209912136701,77.92095707914189,52.300034134528204,91.86351706036747,11.556427666375258,2.8864082986748087,6.7316339346189284,0.7849013548655751
91,95.16402530267393,131.98412277966315,80.21596032401548,51.76816245564767,90.98786828422878,15.333037559998541,10.812446302306084,5.588530910319359,0.7827352557665874
91,92.94502985724439,129.29761391852867,78.08261646001911,51.21499745850956,91.06678230702515,12.322204944484483,-1.7792423284894534,5.216482293674293,0.7836221400077955
91,95.4355317145351,131.6115683217397,80.14333190887511,51.468236412864584,92.06219312602292,7.654773383683913,-4.308874640425963,5.968817030880857,0.7856225531207346
91,93.29462351222337,129.46734781629561,78.05409516438561,51.41325265191,91.5431560592851,12.26909174490509,6.014561672593996,5.822206464786812,0.7861404562308867
91,95.1253341257366,131.87653990699752,80.17250294297145,51.70403696402607,92.02453987730061,9.441549509633328,6.174949687809668,5.387342631126094,0.7846402533627346
91,93.14972153330923,129.55221222484886,78.11922663186512,51.43298559298374,92.21311475409837,13.907631797765662,1.380580803211975,6.37052028067608,0.7835720348484481
91,95.28888652938517,131.86513217963287,79.93684307974404,51.92828909988883,90.98786828422878,10.34901158644277,3.5223316688254522,5.918154628634406,0.7863334500985583
91,93.05106962181152,129.12330933063708,78.10258411131998,51.0207252193171,92.10526315789475,14.41088024333543,0.40887117674413986,6.089231788167217,0.7842106080697089
91,95.2005566740631,132.04644040578748,80.16054198464266,51.885898421144816,90.83044982698964,12.726318543611471,-6.6595037350833035,5.382948162572742,0.782971229283121
91,93.45191333180209,130.41456083753917,78.08978295145987,52.3247778860793,92.2887612797375,11.853925744476207,0.7178625161528923,6.821797719957309,0.7806877638858446
92,71.20437885443775,102.56887435975406,58.07077268374181,44.498101676012254,65.90509666080843,35.38135101999358,-18.05236213237881,22.07991249279363,0.8954809206973224
92,69.32340757594909,100.97115443755388,56.3085728911164,44.66258154643748,65.8472344161545,8.352245207128448,-13.893437002901951,5.44681414769912,0.8952558642482595
92,70.99943683832416,102.58652445862222,58.01012764036412,44.576396818258104,66.37168141592919,22.342784070030326,-15.59750233408404,7.608678863719671,0.89101661938225
92,69.35554876075116,100.97612388535588,56.29594119976308,44.6801826855928,66.48936170212765,17.083325203250116,-18.59287302378271,6.813334877362462,0.8923172131157
92,71.0869985802022,102.55966375474395,58.028533664396264,44.53113009034769,65.78947368421052,19.919839356781967,-17.732575038232387,7.175413548228664,0.8898848421468438
92,69.24683219324675,100.52750744317109,56.30617408456775,44.22133335860334,67.07317073170731,20.977752875426866,-17.483932585614678,19.205769530279614,0.8922468086116343
92,71.22292113621691,103.09995511174102,58.09931670549366,45.00063840624736,64.76683937823834,28.799999999999994,-15.231232942349857,8.474741906827296,0.893673245027583
92,69.22269299336676,100.9043014639418,56.32656447839002,44.57773698555179,65.96306068601584,25.81162528784267,-12.517944474784958,18.232185779800723,0.8911738951218806
92,71.19396000024747,102.76390688312478,58.20045449247419,44.56345239065059,65.90509666080843,12.289833196589784,-11.081788964884637,5.290516593190825,0.8919235657622183
92,69.20032204051422,101.03661615506078,56.24649250928258,44.7901236457782,66.60746003552397,12.998461447417547,-12.712795043381087,7.0627617366141715,0.8929637565511129
92,71.03658286273696,101.91543166215837,58.11405716321594,43.80137449894243,66.3129973474801,15.367498169838852,-16.999270931851658,11.161162255182225,0.8938053920397444
92,69.21446465315626,103.93653141193349,39.955143109464345,63.98138830246914,122.10796915167094,273.3873693856616,-18.57219490341637,65.77446125598614,0.7493945916272101
93,91.23352008869203,113.01175511013626,82.20030044220849,30.811454667927777,70.33248081841433,24.186602397550406,-4.92099263878196,7.958770654870849,0.8757030020447681
93,89.7850862998991,111.24890124265652,80.77075474252499,30.47814650013153,70.99827882960412,26.483114845139095,7.087503966315148,7.622064673089049,0.8291182000263118
93,90.92307901264095,112.37741611031888,82.02075782261893,30.356658287699943,70.5128205128205,12.887305561214086,6.517775908057095,3.7147160769415564,0.8641821102676905
93,89.50256624440313,111.38274273335192,80.8351307891684,30.547611944183515,70.8215297450425,10.998181667894025,-3.181237799535811,3.6059623349739494,0.8357322612435725
93,91.00677402274201,112.4307529606003,82.0346738457281,30.396079114872208,71.18205349439171,24.425971816358786,-9.058909635040708,7.952341777454468,0.8499870184285259
93,89.86316769223495,111.46479754831218,80.82450357946252,30.64029396884966,70.81545064377683,16.86896509780831,-2.817675736400817,4.539622624010698,0.8183578080511975
93,91.05036727076818,112.72820999927929,81.95445971943275,30.77375027984654,70.2127659574468,32.32888839402598,6.058165274908775,7.538100756960987,0.8644606756262957
93,89.65057532596613,111.4521078393899,80.72494176242847,30.727166076961424,71.42857142857143,18.99282161047361,6.321125470259315,3.7099066986846854,0.8232191667809694
93,90.8875006638128,112.77021538541355,81.98358683127464,30.786628554138915,71.42857142857142,19.59591794226542,0.9846263062195313,4.432117945001343,0.8201504174789748
93,89.64412732092359,111.08025589303278,80.78218348597076,30.298072407062023,70.6880301602262,16.951696080333686,-6.136163835413153,3.8267516349734403,0.8499587537142117
93,91.15081550705081,112.43364973471664,82.09338965289001,30.340260081826628,70.57313943541487,25.08827390641504,-4.201720454974656,10.813699602658582,0.8360684442635712
93,89.81652900134345,111.58886376110198,80.79032992472985,30.79853383637213,71.30509939498704,18.312259362929723,5.984355845255635,3.5656108533579167,0.8262717614347905
94,77.90885068777192,100.10584545210419,68.72774545423454,31.378099997869654,78.05724197745012,12.84090685617216,-10.679176873774654,3.9853923616688913,0.7842783855455602
94,76.45364047420472,98.37979396085794,67.38889678608274,30.9908971747752,78.397212543554,16.11072796479278,-10.0716929526423,9.347904787332803,0.7838899556069772
94,77.88062365709342,100.08914025251538,68.71578778378462,31.373352468730758,78.05724197745012,15.47758235499188,-10.933906121943119,5.184447994668786,0.7825253772471161
94,76.61118325875339,98.5125400391871,67.3960178230867,31.116522216100407,77.4526678141136,15.260697523012809,-6.743998525343577,4.44628726256873,0.7834350295172449
94,77.71732441943334,99.88681409796747,68.63882460143144,31.247989496536036,78.60262008733625,15.129074290546969,-8.080345748247508,4.600048205752404,0.7845312104295677
94,76.60354796154805,98.82493621021756,67.33237850989678,31.492557700320774,79.01668129938543,12.84090685617216,-9.620307272458533,5.310034933087212,0.7856236000288712
94,77.74681958409096,99.69539004658202,68.66530208848195,31.03008795810007,77.65314926660913,12.840906856172161,-10.400668559042051,10.615427045332149,0.784625090159804
94,76.60911259060242,98.96690009689698,67.2993018547369,31.667598242160082,78.26086956521739,23.055488621054106,-11.357356672809658,13.726042275424891,0.78459360952203
94,77.7833162783575,99.61616449393429,68.75024282001517,30.865921673919118,78.87817703768623,11.055415967851342,-9.79715759498628,13.466409642013724,0.7824018583957335
94,76.50738185112388,98.63630989550565,67.34667918082151,31.289630714684137,77.78738115816768,17.42284579382932,-11.928990334681817,5.471513595340785,0.7846615605668621
94,77.89810440837253,99.95920925144368,68.80878261887135,31.150426632572334,77.9896013864818,7.1802197428460115,-10.07813161762079,3.881824274054361,0.7836136702300966
94,76.4763586385015,98.35739382665143,67.4120747304273,30.945319096224125,78.32898172323759,17.925772879665022,-11.111366820673766,6.484807124371179,0.7838568943008621
95,89.06064559107544,125.86900234623101,73.42766611367504,52.44133623255597,57.01013513513513,18.517925916444156,-2.950400789942771,7.983717710443096,0.8930725381268249
95,85.58265689895094,121.76180575164202,71.03101426748586,50.73079148415616,56.550424128180964,27.694764848252483,-0.06746149468078098,15.964478092700876,0.8925099416303589
95,88.8993275123676,125.47454599823918,73.35098106477591,52.12356493346327,56.29691409507924,12.942417580943154,-3.8363189385266785,4.30039284094768,0.8928480290103299
95,86.07684210840671,122.8085329949644,71.0756745264218,51.73285846854259,56.764427625354784,18.947295321496433,6.462950158431708,17.026600038863883,0.8933800823070923
95,88.51470666239163,125.26509049796542,73.25847264779328,52.006617850172134,57.010135135135144,24.472710929664384,4.086242537028963,6.049771565043953,0.8940303467960288
95,86.0630164328602,122.61393338844347,71.01972416250187,51.5942092259416,57.03422053231939,20.784609690826546,3.2179986685156545,5.058892947547982,0.8919793893698851
95,88.5367932518937,125.65186772644756,73.15012007038462,52.501747656062946,57.25190839694656,42.33202097703344,5.057550410704537,20.61875174150538,0.8928985629188287
95,85.98440335940964,122.43361186309515,71.12244719711059,51.31116466598456,57.25190839694656,13.856406460551032,0.6438717259299752,5.643082153899933,0.893098769688821
95,88.65598495931677,124.95363113870502,73.02578532270307,51.92784581600195,57.397959183673464,34.97300546294404,2.9705706250613675,12.385902846479675,0.8938823344148104
95,85.8166758148205,122.67793475738222,71.10048784406834,51.57744691331388,57.03422053231939,10.583005244258372,-1.7505369331595468,5.255513536046105,0.8948847841996899
95,88.71266808597457,124.63143552255504,73.11469882873361,51.51673669382143,56.39097744360902,40.79215610874227,-4.594838463610788,19.407855220552996,0.8951400671770346
95,85.86332289275849,123.2873292446788,71.13436246935818,52.15296677532062,57.69230769230769,32.98484500494132,-5.448619643782331,14.20620451168912,0.89309408449923
96,87.30301474982679,116.2765435355424,75.11584146314041,41.16070207240199,92.97520661157027,16.695974231998445,-0.7079285224546897,4.19239889041906,0.7822995392703441
96,84.8334305307285,113.52375322990467,73.27254149740943,40.251211732495236,93.08510638297874,14.724684259114442,-0.4394639535113577,5.882831169890648,0.7849719098624893
96,87.10370276188611,115.92280477217156,74.97413333050861,40.94867144166295,91.38911454102356,8.987893091388127,-4.986873927988248,5.66476964426142,0.7841578702073597
96,85.22266625354104,113.64666242499834,73.41927559591771,40.22738682908063,92.59259259259261,13.52246807565628,2.867201698523097,5.212390443807971,0.7841247238532615
96,86.64112094201792,115.26918059660103,75.0695686785057,40.19961191809533,92.02453987730061,14.422205101855969,2.815294146946768,5.939611346903324,0.7824716333129837
96,85.09412834026357,114.29770617374315,72.86193818919517,41.43576798454798,93.43853820598007,13.84613865146366,-9.131208850668852,15.829550801210257,0.7841275416264551
96,86.98794609222817,120.35657926692745,54.076791086242764,66.27978818068469,97.82608695652175,261.0283935172996,-5.997957587395253,30.15839655264243,0.76882246764355
96,85.14629314169851,114.16916040508225,73.30383675674217,40.86532364834008,92.18612818261636,13.043099669158078,-5.540410329099833,5.395242639413187,0.7842052745828678
96,87.03494566905256,115.3213827804608,75.01034370513801,40.31103907532278,92.74525968672714,9.17581361817881,-2.6722259434716378,5.6576065428904005,0.7852315954636392
96,85.00760641344458,114.08464565638904,73.39495230485903,40.68969335153001,92.75618374558304,9.963197585235834,-3.1729062283358274,5.684755721079317,0.7830967888572713
97,97.90115389525512,132.13070818533018,83.47401529649298,48.6566928888372,73.11129163281883,15.477582354991851,-14.545486314548937,4.855067354910121,0.7894726392135711
97,95.94318545480752,130.03743239710764,81.52835586424393,48.5090765328637,72.55936675461741,18.456112786108395,1.3020143906040902,7.173011090840942,0.7853418765525308
97,97.81212006718123,131.8731213247185,83.77042185513704,48.10269946958147,73.26820603907639,19.37878195559886,11.949293619134217,10.692680224097638,0.7894967584635116
97,95.74631325244756,129.83522730304927,81.55800999262007,48.277217310429194,72.49560632688929,12.928282788822669,15.777741023996535,4.607754658889021,0.7966658432536302
97,97.62979504985074,131.39004333141793,83.76915874742811,47.62088458398982,72.24168126094571,22.05927401905905,14.673779049664356,10.251847813012763,0.7835206068247147
97,95.65461337227565,129.2485844181562,81.58848666787173,47.66009775028448,72.24168126094571,12.680433290300128,9.653338814163739,4.452633013803052,0.794780977016024
97,97.45930621793582,131.71409375653275,83.60694040258518,48.10715335394757,73.52941176470588,17.056057308448803,-1.8097939087707973,5.57731531242146,0.7838192617613793
97,95.56067613251376,129.5857251755464,81.61203075117966,47.97369442436674,73.13829787234042,9.865207248182193,-16.239120918918978,5.692173024530025,0.7905486980626079
97,98.11419666461727,132.15921408524503,83.63184026256536,48.527373822679664,73.05194805194805,17.384539747207043,-7.463346218921475,4.378665578376021,0.7918029181480185
97,95.82963359125017,129.94816151286983,81.6155079119724,48.33265360089743,72.94429708222812,14.399265362344222,9.706655538073367,6.375531833721302,0.7885269483612355
97,97.72135209705742,131.6246584093696,83.75433359801974,47.87032481134986,73.5950044603033,12.51247311569834,11.896218581166451,5.261438808033604,0.785954876516806
97,95.52878298318232,129.49490950383318,81.76257799498413,47.73233150884906,73.26820603907636,14.975462023253789,2.451810173324946,4.911588694674917,0.787366700004937
98,98.33413480156312,134.04468783118293,83.4544108231547,50.590277008028224,80.57851239669421,18.42046713488711,-3.5809587206313243,5.127234060757211,0.7852490937358817
98,96.15893986665334,131.0047023781769,81.50596309680611,49.498739281370774,80.4289544235925,14.282856857085713,-0.4537816263203048,6.29900838092666,0.7860027222633924
98,97.85818279642292,133.1818443849777,83.39009292860344,49.79175145637426,80.57296329453894,16.478942792411047,-9.414850303565,5.632845641137061,0.7805378188529106
98,96.48122556037067,131.68637412738883,81.51553543149696,50.170838695891874,80.71192052980133,8.571315862882543,-5.320316144289248,5.988284250786402,0.7847205503759199
98,98.04559774910238,133.5542096031893,83.68130205937558,49.87290754381371,80.2139037433155,8.944271909999166,0.8101741466591105,5.391809122641585,0.7842662097361247
98,98.37863761971472,133.83821706096288,83.58909277172967,50.24912428923321,80.50089445438283,12.99572579307863,1.702419605875729,5.455443721260201,0.7865711868015653
99,81.65980473410912,109.73210485232224,69.75902241146292,39.973082440859315,74.07407407407408,9.865765724632464,-6.631817042617692,5.416731842279965,0.7872105579648206
99,79.94639622226977,107.83155538631425,68.03794365340183,39.793611732912424,73.89162561576353,31.411250638372643,2.988543369675488,16.509042796582403,0.7850756962073113
99,81.47933541970495,109.78676917607294,69.59233530628732,40.19443386978561,74.99999999999999,19.595917942265405,5.469507989197428,4.920585340941512,0.78502958635983
99,79.67078720932462,107.64581479543895,67.97330942434253,39.67250537109642,74.25742574257424,8.355727485873455,9.045120502826425,4.288317980172971,0.7847139762316918
99,80.9966594445833,109.33486801257047,69.55524141821486,39.779626594355605,74.66063348416287,12.928282788822646,-1.611253986527075,5.024725986745679,0.7863592670457613
99,79.9268104878581,107.85616806478079,68.15347596032659,39.7026921044542,74.19620774938168,21.77664396141474,-4.652627028071748,8.728411960728229,0.7836920186291971
100,99.34657005392044,131.84196185692932,85.40866939026232,46.433292466667,57.349192863211556,13.998236220465454,-4.96245043736924,14.759650569622668,0.8911216890695705
100,96.50652764892094,129.89315353373186,83.3507539270721,46.54239960665976,56.12722170252573,22.60530911091465,4.18606242323013,5.55416052993828,0.8939260946171128
100,98.93658689921803,131.52618690976647,84.95114624770284,46.57504066206363,56.39097744360902,44.46221866808822,0.6336915168790137,13.844810707862266,0.8962208664081358
100,96.75789392633534,128.9636550863105,83.38935355941102,45.574301526899475,56.497175141242934,28.21347195933179,2.281890662072522,15.451301627165048,0.8938560422521885
100,98.44987900721905,131.8827907303775,85.18646919338617,46.696321536991334,55.91798695246971,17.175564037317685,-11.774641439880732,8.06218484981511,0.8948016995959895
100,97.46557462713255,130.12314201516537,83.29987961481555,46.82326240034982,56.72268907563026,34.103690832446034,-1.5349143118943467,9.878960933179437,0.8935176682111984
100,98.36412012568333,131.6990473235193,85.14568324726103,46.55336407625826,63.38028169014085,313.73874481804125,6.029573877626118,15.588683281328528,0.892333114611751
100,97.1069942639894,130.16890381926203,83.30244981673361,46.866454002528414,56.77039529015979,16.196326362923212,2.0224762972938795,13.837925319527383,0.8919533931155535
100,98.53179549258961,130.8412486416774,85.37567907350922,45.46556956816818,63.49952963311382,310.5366124216612,3.965967621178125,18.713070664226358,0.8959067578162503
100,97.03101275035353,130.06776452276534,83.09759727736042,46.97016724540492,57.446808510638306,16.486432880881267,5.957961176876214,5.588649143149318,0.8955350636187877
100,96.87808971063949,129.99116982153382,83.2577577209272,46.733412100606614,56.96202531645569,26.398653164297798,5.456489807264069,7.12796665180013,0.8944687402025308
101,64.37057101788737,97.83281636641098,50.47661462533229,47.35620174107869,83.04940374787054,11.900972065116145,-13.661409680338462,6.714268091588231,0.7875952505580239
101,62.32806935697862,95.47559460279548,48.39158124297383,47.084013359821654,83.40461933276306,9.127628907194671,-5.256816241518831,7.287733942202099,0.7839824893974693
101,64.42268516710611,98.00401713833408,50.34970597402215,47.65431116431193,82.41758241758242,17.186756976946402,4.955581120875644,6.478083144285139,0.783430623507534
101,62.246283487903376,95.86753050251977,48.35616571168805,47.51136479083172,83.19112627986348,19.807356233145946,12.467690515006941,24.103639375810136,0.7825342869266647
101,64.13355248958248,97.63488254285147,50.314242286238915,47.320640256612556,83.61921097770156,20.18611626690058,12.33031819896156,7.160136531527632,0.782013719468854
101,62.1491938882009,95.37840120427208,48.39955520439651,46.97884599987557,83.40461933276305,8.571315862882543,7.630094861962096,7.023755630941871,0.7848699333090495
101,63.926424652108736,97.46819380016947,50.2875136294534,47.18068017071607,83.17929759704252,11.69995251652284,-5.301457108477511,6.306207603927079,0.7855261507036193
101,62.210719420495025,95.71037082438227,48.39473597737499,47.315634847007274,83.04940374787054,24.38352339219563,-15.549967221183472,19.859931081123435,0.7828698950994092
101,64.26496657204912,97.8608808772305,50.456596787823344,47.404284089407156,84.12424503882659,13.622119151494573,9.643432224329882,6.803180986936706,0.7851667701455157
101,62.30297786406621,95.82202472726571,48.2275499072819,47.594474819983816,83.47602739726028,7.586971080577209,13.723487202003366,6.564214778926838,0.7821087294661774
102,97.55695497795071,118.30027011006972,88.8557775327122,29.444492577357522,67.51227495908347,17.873753785373847,-6.611305808940205,3.3618261555428046,0.8928930250729356
102,96.16721096696476,116.76862515396881,87.52450083431373,29.244124319655086,67.20430107526882,19.66112916391123,3.917432930240448,4.279411460203308,0.8885697700606358
102,97.21589839312524,118.1219279447187,88.8232883117662,29.2986396329525,67.93478260869564,18.998947339260685,1.3026617954086266,3.246218159356645,0.8900124510133741
102,95.9667029982682,116.88468645516747,87.51895104529791,29.365735409869558,67.8119349005425,24.317894645713082,-7.87202818515629,6.31507187391733,0.8883123148078472
102,97.60363662942709,118.21367046303459,88.83314741399407,29.38052304904052,67.73399014778325,13.683554707074034,-3.896668377235155,3.77864719173396,0.8905393208816994
102,96.04910480624514,116.57421593299652,87.51292379051883,29.061292142477697,67.87330316742081,38.408332429304984,4.17995424192627,12.410301364190794,0.8928710352922319
102,97.2407934927425,118.00051501583748,88.77289643776966,29.22761857806782,66.78539626001779,31.20000000000003,0.5140599008785174,8.051494461371425,0.8922977384766521
102,96.05461828798663,116.6149254602727,87.56411413321655,29.050811327056152,68.12551610239471,18.19635782283173,-3.5905530508630084,3.1973326165893075,0.8955269308837445
102,97.55831134767818,118.28285266611704,88.87180688205963,29.411045784057407,68.06930693069307,14.399265362344254,2.417800242503036,3.6584913520674425,0.8927234188169902
102,95.98353476366105,116.73182054488214,87.49553070470556,29.236289840176582,67.50675067506751,15.778466338652834,6.073692188611381,3.853426345833064,0.8899650166125369
102,97.19803353841499,117.84987662012314,88.71732856350626,29.132548056616884,67.68953068592057,26.7252689415841,-3.706551162317992,11.584369077166071,0.8918108453443572
102,96.36998188181119,117.02601613046656,87.57813882994539,29.44787730052117,67.01868399675058,23.74520395245746,-0.8335653747669467,11.076504451861416,0.8919744530326789
103,62.795175781550014,92.31290358006801,50.63020794449396,41.68269563557405,59.787422497785656,15.137232325267924,-17.904667327421194,6.143949887940841,0.8953779577728943
103,61.10465110114531,90.16217304234281,48.733846494083394,41.42832654825942,59.05511811023622,16.43843734125062,-10.106796032169017,7.990768326354868,0.8946739554506813
103,62.850086537729666,92.0248352619248,50.66895952689283,41.35587573503198,59.73451327433628,18.517925916444156,0.29805569006454796,6.068561167650441,0.8930995455058061
103,60.9188194259113,89.93294287098298,48.82127387371184,41.111668997271146,59.523809523809526,18.856180831641282,3.3459396721009633,7.678472476783672,0.8936527583608791
103,62.87932566551912,92.15780238226897,50.67494982770003,41.482852554568936,59.15863277826468,23.785045618239405,8.278765482487533,9.404104192715824,0.8944826430953754
103,60.9649738071949,89.9252122565478,48.92326267120804,41.00194958533975,59.62897526501767,19.87615979999815,13.76633356368206,12.619575077892502,0.8927662232576562
103,62.79307068125096,92.61953656653726,50.644591665067196,41.97494490147007,60.106856634016026,34.72359997266598,14.032209127427132,21.285939923119944,0.8934652699861563
103,60.945699182428754,90.0992599762877,48.750690372669915,41.34856960361778,59.576345984112976,16.62958838566198,15.066623889599821,5.480916189742329,0.8936333196643528
103,62.39504689066303,92.02701014932597,48.946487483190225,43.08052266613575,59.787422497785656,16.91226452483597,-60.9360813872209,9.33549873080821,0.8832680821430645
103,62.71915909781677,92.27456858429885,50.54314614938344,41.73142243491541,58.93909626719057,48.94895300208165,-14.404105802578155,17.65990180182481,0.8959794968059122
103,60.8698771131871,90.04359357708157,48.94113697283593,41.10245660424564,60.32171581769437,25.854292572887115,-16.562374911398102,5.886266942709102,0.8905804559946373
104,74.57494732466698,111.40472298264629,58.68293119712268,52.721791785523614,63.07821698906644,24.903011866037385,-5.496943945359267,6.492031278398058,0.8935359190056197
104,71.35206594072497,109.1810104433514,56.4376552031198,52.743355240231594,64.10256410256409,32.98484500494127,1.104536799082948,22.64572762411941,0.8935905525436727
104,74.09306828850433,110.8437068909012,58.79701461164567,52.04669227925553,64.2123287671233,21.10544953323664,-11.58726451233182,13.223506126398494,0.8941841245096569
104,72.02249627800069,108.70425693595308,56.430820255013984,52.2734366809391,64.26735218508998,25.056735621385293,1.5069754574398613,16.1430154674333,0.8914904668685378
104,73.56480913094792,111.53560010721677,58.44409876194611,53.09150134527066,62.90773532152843,35.73289109731872,-5.221126743114643,18.370210653043838,0.8915387225044343
104,72.23956466022183,108.96123811237953,56.54184042686871,52.41939768551082,63.99317406143344,16.316862443496884,-3.685694194601541,7.521516855536382,0.8918488857322825
104,73.95382879244822,110.39177664126224,58.44605182966853,51.94572481159371,64.32246998284734,11.973303637676588,12.807551510835092,6.362036099835014,0.8940680323773098
104,71.24946968705656,108.63076724075326,56.41466845937316,52.2160987813801,63.55932203389832,21.98989666996083,-7.0517961042303625,5.670714517128897,0.8936440625822256
104,74.53310283098283,111.42680798831404,58.758376538398466,52.66843144991557,63.45177664974619,19.19999999999997,-6.624767404793666,6.017958423727413,0.8923215332625142
104,71.53898828744137,108.41534880295093,56.365776093541086,52.049572709409844,63.55932203389829,12.89961239727765,5.499717006432846,7.665950213341463,0.8941561911914038
104,74.17479165962799,110.85809727681338,58.638612046719,52.219485230094385,62.55792400370714,35.865317336590245,3.0451533350348563,23.837452466319785,0.8946910721989114
104,71.5449379394864,108.81219941355324,56.476532334799614,52.33566707875363,63.39814032121725,12.419339757007997,2.614243179155594,6.074947246909642,0.8937301613129052
105,81.70855672114178,102.17232370751171,72.93599518278837,29.236328524723334,64.26735218508998,30.78701024783015,-7.421330639998265,14.104795241358712,0.8940822280883504
105,80.3514573890731,100.95553148634193,71.723030844412,29.23250064192993,64.32246998284734,20.92271492899522,4.115530686785573,12.746718841779083,0.8916138469256973
105,81.26234581746328,102.24429084734534,72.90135070771244,29.3429401396329,63.92045454545454,30.404678002643664,-1.1694100112590102,11.952354136819633,0.8900361225942309
105,80.36999090872216,101.22373680127903,71.67529485620507,29.54844194507396,64.87889273356402,35.81284685695902,-7.5465222327621495,13.378090552770589,0.89315425445257
105,81.58782510512421,102.43773021538681,72.87052605748002,29.567204157906787,64.87889273356402,18.659046063504938,0.13141179484903298,4.316277018596107,0.8929339856323332
105,80.38638240615256,101.04720771682926,71.7054880145328,29.34171970229646,64.6551724137931,14.751271131668595,7.303224236307301,5.7424724346712015,0.8928391569423396
105,81.38781081672379,102.24231218587228,72.94885633521933,29.293455850652947,64.37768240343347,27.770487932335644,7.775718386349382,8.467680045437502,0.8921148563344509
105,80.02381302743484,100.64295627728919,71.63688466737459,29.0060716099146,64.5933014354067,19.393265981574583,-5.0062527996134705,3.4876898008920123,0.8938211579342291
105,81.71382965688177,102.22568461319926,72.93326255035164,29.29242206284762,63.99317406143345,18.86372179608252,-5.848164136918632,4.328951583768451,0.8945364807047325
105,80.33225748182845,101.16920448737432,71.65834513147934,29.51085935589498,64.59948320413436,28.722116913625968,4.009087534493065,5.669479385094526,0.8922580245280264
105,81.31676489361664,102.37588055807332,72.79018972755539,29.585690830517933,64.43298969072166,30.188739622581117,-0.4092237896645992,6.74880276808309,0.891378300728312
105,80.35476873297897,100.9004307295998,71.67896269333261,29.221468036267197,63.775510204081634,28.44222213540987,-3.7988351200805837,7.544040558366764,0.8920108935830107
106,86.84690713634802,112.36998468583758,76.35058238547187,36.01940230036571,78.60262008733625,19.171738459397893,-12.753269842622192,10.797494811407761,0.7844227504951069
106,85.47718378294098,110.73199135548214,74.84590904285432,35.88608231262782,78.5024154589372,20.484082433345545,-4.044116366494345,13.36652297904983,0.783135578844566
106,86.8899191272191,111.86349365914907,76.48494935091313,35.378544308235945,79.4351279788173,12.84090685617216,5.43004680110196,8.44905435459139,0.7814590734610887
106,85.22400959596102,110.4236726397199,74.87142180814007,35.552250831579826,78.74015748031496,13.114877048604013,5.673043313501184,4.4185189953263215,0.7837234549334409
106,86.71393388169464,112.20419456108876,76.343061615236,35.86113294585276,79.01668129938543,19.720265943665403,1.0770606871091808,7.25904563339095,0.7827828607342411
106,85.28195991779774,110.61071581417183,74.85057189461303,35.7601439195588,78.94736842105262,16.65332799572908,-2.4198808373632295,7.215620806530236,0.7869541933174563
106,86.72145622576949,111.35510711673926,76.33712491037203,35.017982206367236,79.59183673469387,19.88368544172742,-6.480556086819615,11.605871697561128,0.7842556042916498
106,85.46949807395714,110.50747633627218,74.80107387508286,35.70640246118931,79.07542579075427,16.258270539843593,-3.5465749839438265,5.482994347778665,0.7879348197814943
106,86.87193106494252,112.07947878120547,76.39799264013263,35.68148614107284,78.87817703768623,12.418624006798115,5.116006569710091,5.010757618395271,0.7828355701298542
106,85.32357264325552,110.85718792758789,74.84735495666932,36.009832970918566,78.67132867132868,19.413626371414733,8.673034999131373,6.9271718812966485,0.7864148784177977
106,86.6620544427616,111.798261004885,76.28174925853386,35.51651174635114,78.67132867132867,21.249836600678986,6.071986314690731,4.9486201739811735,0.7847932620225765
106,85.1971602548282,110.18459471576075,74.82157600328406,35.36301871247669,78.46556233653007,22.261077142751997,-1.8777472363879864,4.540059033917774,0.7847497768497391
107,82.92025168359076,121.76661426881455,67.06625930839351,54.70035496042104,84.85639686684074,13.510460553907794,-18.316193117403838,5.526978213865496,0.7884617907000484
107,80.85355347923677,119.29360022399636,64.59005753497208,54.70354268902429,84.8827809215845,11.945454263066793,2.986616484704879,6.369935226572235,0.7826102536736146
107,82.57258258918846,119.979249962921,66.82258573163409,53.15666423128691,84.12424503882657,11.676102129852463,7.531432455537067,5.869920566419841,0.7813997374875841
107,80.63213704442512,118.96589826505988,64.66773897580599,54.29815928925389,83.76288659793815,11.996054578226428,4.015197179684931,6.779767034788408,0.7818916817759896
107,82.83910376605617,121.74040744140785,66.966537318327,54.773870123080854,84.26966292134831,15.04863909001538,12.163554615270618,5.912383411848797,0.7847723544429861
107,80.3733072771224,118.43701761193466,64.57280067205899,53.864216939875675,84.4155844155844,15.952592488388575,8.441860413085237,4.7437538719222285,0.7879033006541011
107,82.85632573749183,121.1114293484775,67.13791230176037,53.973517046717134,83.90705679862306,17.054038720678193,5.621366246209502,7.460049450283206,0.7809728881009083
107,80.61045633816005,119.28613242614742,64.72957705191824,54.55655537422918,83.47602739726028,13.255790294484944,13.447504429284498,5.798515692532035,0.7831725517479675
107,82.66668419166491,120.55411286470769,66.94558614095506,53.60852672375263,85.0043591979076,16.64953754888453,12.825588565457625,6.732112034369673,0.7815299241629718
107,80.4881932015276,118.91560426743236,64.66277187393163,54.252832393500725,84.85639686684074,13.510460553907778,6.846472659467847,7.141484550970596,0.7848583700006633
107,82.83627507080875,121.73861438059906,66.88675741639523,54.85185696420383,84.4155844155844,10.334064999228726,9.906285082605656,5.84249433167909,0.7853977794787342
107,80.31648476055037,118.66636264111978,64.78954940689803,53.87681323422174,84.56201214223765,18.927454152898093,2.6760945997904324,6.009057734484681,0.7866431788695755
108,68.82261964175532,104.63866557624448,53.87122480349542,50.767440772749055,91.16693679092383,13.534482709812833,-14.79363640147182,12.681850351437715,0.785062279858376
108,66.83295653399772,102.59517730946042,51.843013276127095,50.75216403333333,91.09311740890688,10.396580634462905,-4.217048431048295,7.058327060917663,0.7851949189013286
108,68.75259459986445,104.4994506762071,53.84929168736815,50.65015898883895,91.30434782608695,11.255837487766987,5.846576030348956,7.592030988131023,0.7836963194674913
108,66.558211543532,102.46043607035298,51.737993431778705,50.72244263857428,90.59534081104403,13.582702084576812,4.911971374910521,6.8280877123699,0.7853962638794628
108,68.50645322016516,104.620419314837,53.81286557561052,50.80755373922647,91.46341463414635,16.28320782717145,-0.454351537621277,8.415056351586534,0.7825555218926169
108,66.69816998192847,102.17840514866295,51.83039756345061,50.348007585212336,91.76182707993475,10.314175789767324,-3.106720996032704,7.994810994540794,0.7817991760641796
108,68.88954087154076,104.48023760070373,54.011945677414936,50.468291923288795,90.83044982698964,7.835033829029772,4.7640179655354435,6.609764491480623,0.7846162821015528
108,66.64977471841968,102.75041294883451,51.810914654552654,50.939498294281854,91.46341463414635,11.31370849898477,12.391849057166935,7.733591514465099,0.7832676939166485
108,68.48730502476452,104.60097867766673,53.877092719269946,50.723885958396785,92.10526315789475,15.333037559998571,5.270733236366638,7.659686074867588,0.7826670764207946
108,66.62719845622854,102.97945902521751,51.84353289746115,51.135926127756356,91.83673469387753,11.187294380481626,-2.243488853435326,6.071133902999301,0.782669072351639
108,68.85252296682842,104.42009792106599,53.89294651926489,50.5271514018011,91.22502172024329,13.241863115721664,4.124627097235757,8.02144357831257,0.7853734129335308
108,66.5539977430093,102.07620737532345,51.768677955396555,50.307529419926894,92.02453987730061,15.042796092672223,8.126419466548654,8.137909630380683,0.7831201981732513
109,81.54681469827264,114.9302682563216,67.74491269021779,47.18535556610381,91.16693679092384,13.215479139588137,-15.338684498898749,17.541084618532572,0.7819054689209796
109,79.85831401025166,112.99895577233374,65.87069564631003,47.12826012602372,91.98691741618971,9.17581361817881,-2.674453342067997,6.036225078831652,0.7836309056890448
109,81.48522287181089,114.6809287751825,67.69782540367238,46.98310337151011,90.9878682842288,13.761822375762616,8.507490512033685,6.317798054559025,0.7800206538579946
109,79.41195609791197,113.03466235772719,65.8304768844302,47.20418547329699,91.78321678321679,7.666518779999286,2.0783381882748397,6.897364188159287,0.7836464528824023
109,81.55656198340989,114.66460935813451,67.79077006470423,46.87383929343028,90.98786828422878,6.565214453186325,11.343076425919218,5.756182650269581,0.7821395787770019
109,79.49970049569806,115.96740157229203,49.876704444752974,66.09069712753906,90.67357512953367,219.6814019605368,13.344566797164537,50.0984823791093,0.7440093318009401
109,81.330365889566,114.74596255269908,67.81661125757199,46.92935129512709,91.06678230702518,13.043099669158101,4.572247452235926,5.597246957577973,0.7858763050229044
109,79.35607831664257,112.15250695880125,65.8826768568758,46.26983010192545,91.14583333333334,11.080411102665906,-8.47502127594556,6.7348250648180885,0.7842281896800071
109,81.61155520618844,114.90660689014189,67.75253878941163,47.15406810073026,91.46341463414633,16.000000000000014,-10.146668196709891,6.9221762458470515,0.7840071952392655
109,79.69451709105596,112.58169740862472,65.82289432582867,46.75880308279605,91.14583333333334,15.544537724269091,-0.8597622809607894,6.057178205421365,0.7850867758391602
110,104.12005282701205,134.89229527701562,91.38461200319665,43.50768327381897,95.74468085106385,9.977753031397187,-10.83949515273955,5.088910705616763,0.7835712021006047
110,102.15694239951092,132.70428919396832,89.38996231585963,43.31432687810869,95.74468085106382,13.597385369580772,-8.24042489272834,4.950389762849037,0.7830340656833584
110,103.93732993865926,134.68209066041751,91.14205491394353,43.54003574647399,96.40102827763496,10.613199329137291,-11.20408394300692,4.617925149411397,0.7814059301911455
110,102.32145867983009,133.49949424441206,89.58315811764554,43.916336126766524,95.50084889643463,13.343995736743269,-10.98298785509702,4.870087804183509,0.7827936745283871
110,103.91790436632412,134.44459941387095,91.17879337161905,43.265806042251896,96.07173356105893,11.853925744476207,-9.257202987917177,5.273482088384501,0.7842921428100083
110,102.25769113545337,133.1331520141102,89.48188229869554,43.65126971541467,95.58198810535261,10.478337442340543,-8.980930500985277,4.74523767125107,0.7831470641528393
110,103.98397038980596,134.9015270234917,91.23301518709366,43.66851183639804,96.56652360515024,13.907631797765664,-7.016845622647227,4.864844020601783,0.7849732040899876
110,102.11168231908145,132.5676415161077,89.55539033385111,43.01225118225659,96.23609923011121,10.719867329195624,-12.10138083096448,4.41586551940801,0.7835594714456916
110,104.03289130731432,134.64706948635325,91.26821680159547,43.378852684757774,95.98976109215018,10.47833744234054,-12.717323644557636,4.744932651961615,0.7808185769349477
110,102.19786996109794,132.6650151680639,89.44269529165186,43.22231987641203,97.16599190283402,13.028814220795393,-9.449951129244864,14.162790304838643,0.78238973456913
110,103.96677026842161,134.39703571655554,91.28417545269427,43.112860263861265,96.46302250803859,14.83239697419134,-10.860402645400379,16.170588044293783,0.7839798180812451
110,102.22326462997603,133.052510742313,89.43138401516421,43.62112672714878,95.66326530612245,4.888080741286234,-10.751911214464183,6.082282245378484,0.7857933374600877
111,88.0147843301564,110.4567221807834,78.41139837955005,32.04532380123335,92.74525968672714,9.629584045476161,-2.6641439230312276,4.465662674676685,0.7824087983216657
111,86.35880790891244,109.07032375958828,77.01250559499735,32.05781816459093,92.10526315789475,12.72631854361149,3.288593525343483,4.5368305122259835,0.7835414734469116
111,87.84375581618059,110.54358785346575,78.37609667404884,32.16749117941691,93.28358208955225,11.973303637676624,3.3945726486838574,3.664267468589673,0.781026711215726
111,86.34797893267015,108.7548791755134,77.05670560264903,31.698173572864363,92.75618374558304,13.474086997201836,3.140424028756158,4.248886082553197,0.7873615608386935
111,87.62525906665797,110.3119898110343,78.21829586029011,32.09369395074418,91.62303664921467,12.4146062756574,-5.577586804964138,4.820859732796779,0.7826384728327822
111,86.66731834894019,109.1822399186268,77.00727850480583,32.17496141382098,92.51644736842105,13.215479139588137,-2.972371122740834,4.799693063009183,0.783481522259563
111,87.55940489361275,110.16135662156884,78.33266166734711,31.82869495422173,93.66636931311331,11.095135907970066,-2.855110798846664,4.297171700328863,0.7829075776390894
111,86.7197210305933,109.38479827703208,77.00033316127713,32.38446511575495,92.2887612797375,10.314175789767322,-0.6489012624989187,5.107926908023761,0.7823908643671882
111,87.52639960899354,110.35325704419847,78.40028861289348,31.952968431304996,93.6663693131133,10.675166681296812,0.7964120881372078,3.844907079031764,0.78272499722325
111,86.61851946147196,109.17625571318686,77.06248189638379,32.113773816803075,92.21311475409837,11.562391140628701,-1.1654463871919534,4.460449031603877,0.7820804442905465
111,87.63381857793914,110.31620548584301,78.47951740054253,31.83668808530048,92.9203539823009,10.222025039999048,0.3309368363155393,5.417654621717704,0.7841705764792327
111,86.33278396266495,108.8004832706052,76.99313901833139,31.807344252273808,92.13759213759215,18.428962712715744,-7.167770270806064,13.975908722468072,0.7821041332899544
112,97.1641830583196,121.5371079475149,87.09996001059443,34.43714793692047,70.81545064377683,17.545219028094273,-9.926506958005154,3.552839526340317,0.8221901410039977
112,95.65110581440524,119.82877420124643,85.4559450886833,34.37282911256314,71.73913043478261,19.40605682054738,0.8579246007457273,7.437619018281767,0.8404883575584925
112,97.00729079619944,120.82320596213847,86.9057335558228,33.91747240631567,71.36678200692042,17.873753785373847,5.493726790338781,5.253623054712692,0.8338629140193685
112,95.58620503952834,119.6773078536153,85.5822690420546,34.0950388115607,71.5524718126626,35.09043805618856,7.481036971280364,14.285392748200747,0.8391509913741289
112,96.93614826391727,121.27870487093682,86.83415845011402,34.4445464208228,70.69408740359897,14.25157668528396,6.2546430258765096,4.415524217915806,0.8708597273154468
112,95.4618529623038,120.00496754221855,85.43225381464227,34.572713727576286,71.61458333333333,14.102341403392947,2.211307173158723,3.8470018759080244,0.8319501572258652
112,96.75181643928656,124.19158763100621,60.7371825291916,63.454405101814615,135.893011216566,242.50903155447125,-7.19978652545149,41.43293634657106,0.6978891982201008
112,95.57842573849116,119.65237232256575,85.46696629689795,34.1854060256678,70.81545064377683,17.210413914471623,-11.700187447980573,5.299987814076469,0.8352148316739805
112,97.05297566171089,121.53490430712054,86.87006902245619,34.66483528466435,71.61458333333333,10.836119582364592,-5.546785602266265,3.7949740096541915,0.8060665150582775
112,95.67512534139385,119.93240029801593,85.62076765688158,34.31163264113435,71.0594315245478,15.010739956763864,2.65218397085908,4.497798864062929,0.8346119948006294
112,96.9841709555387,121.0966895915677,86.80601780431697,34.29067178725073,71.42857142857143,17.05605730844885,7.708156418693076,4.005749446078845,0.8551365396262753
112,95.50526490899462,119.79008269786968,85.44282736820415,34.34725532966553,70.75471698113206,18.3699359131856,6.216400787195416,4.109570364859851,0.8520223566528
113,92.97481338421503,123.93257702644425,79.65833776704643,44.27423925939782,98.44134536505334,7.599342076785339,-4.707903946102387,5.498450767157551,0.785733223700585
113,90.61884931458006,121.90674726919723,77.80448897388453,44.102258295312694,99.911190053286,8.987893091388123,-2.1625389983743073,5.833110464088211,0.7799064288492631
113,92.96879707177872,123.95123261663097,79.67504220385833,44.27619041277265,98.9282769991756,12.072696467649648,0.2767934310949337,4.909114992414258,0.7830765628824651
113,90.52891803068844,122.02609468071047,77.72496779748067,44.3011268832298,99.83361064891847,12.922847983320098,1.1964544948563287,16.73543596518565,0.7822444992480352
113,92.84248859371787,123.84914268403676,79.78114050962724,44.06800217440953,98.84678747940693,10.908712114635724,-1.8463199803843229,6.922220624826844,0.7838245378306749
113,90.58988975493267,121.8789312080204,77.9068638534024,43.972067354618005,99.03169014084507,11.488351588553618,-5.137918902338226,5.064536853535899,0.7823153084136459
113,93.00232245741553,124.4304707197916,79.77407020493625,44.65640051485535,98.60312243221034,10.758717395675017,-2.988752174591464,5.558260321948273,0.7854366672378008
113,90.59102654430181,122.12532514422323,77.8070526764202,44.31827246780303,98.94459102902375,13.450154893779736,-0.2239360258613525,6.084287813461231,0.7870017031434783
113,92.96067760301256,124.05953560533821,79.80972953425086,44.24980607108735,99.50248756218906,7.937253933193779,-0.8077596072606346,5.162047744096631,0.7828133958809615
113,90.64126304054909,122.24526868019817,77.92419070397567,44.3210779762225,99.50248756218906,10.148891565092228,0.8382755708713021,9.822293843833304,0.7809157443606519
113,92.835022943805,124.09344074201421,79.71392073730773,44.37952000470648,98.85764499121267,9.629584045476161,-2.0529491830128843,6.22941388080456,0.783928069005839
113,90.61983615624858,122.14096860317252,77.74891698697202,44.392051616200504,97.65625000000001,9.77616148257247,-3.4451346305429107,6.046528298023245,0.7818338344374667
114,91.1852546055232,129.05234903425597,74.97404214536445,54.07830688889152,62.499999999999986,26.532998322843174,-10.598264388213007,6.636916190077308,0.8945655718631205
114,89.02155107047139,126.51846036309573,72.74230404802562,53.77615631507011,62.55212677231025,18.39999999999998,-2.060225712258614,7.573955266214531,0.8878578318212871
114,90.2490889541494,129.0134123167191,75.03324093695004,53.98017137976906,62.55792400370714,41.55971458688342,5.143375315400115,19.395427980936443,0.8945239520126453
114,88.91152330397134,126.79557375163515,72.74105427128943,54.05451948034572,63.82978723404255,23.52870587176436,8.308853607378946,6.875643137184202,0.888858465230775
114,90.60678258659428,133.97482998542017,54.26357240402474,79.71125758139543,104.45682451253481,311.1605801939999,23.509046318070016,43.51106830991084,0.890281090067785
114,88.39426614145857,126.29979593666806,72.40543348340971,53.89436245325835,63.184498736310026,26.30285155643773,20.38680241716985,15.816116510390643,0.8939092957221774
114,90.1827332633926,128.34111426692584,74.78303141231733,53.558082854608514,62.674094707520894,24.729649321321862,1.6319689073043275,18.48998898494801,0.8897387232786762
114,87.97712101463432,125.95801653830088,72.59042751477786,53.367589023523024,61.36363636363636,44.426663109688185,-13.054743844950009,21.730694231823424,0.8958234961048641
115,83.3685350617254,109.75975065341757,72.78584373788583,36.97390691553174,98.51138353765324,10.877908295664618,-1.2513463418692943,5.527746900620388,0.7839581407143628
115,83.34692536739823,109.63526211470922,72.71870820673067,36.91655390797855,99.6457041629761,11.853925744476207,1.2411230808662577,4.743597080715381,0.7837914702546321
115,83.31552170064677,109.70741435558881,72.68711647742906,37.02029787815975,98.51138353765324,10.478337442340543,1.6752476153241855,4.82608080960615,0.7830960592964021
115,85.22580434805303,111.08646670903357,74.20763081131825,36.87883589771532,99.00990099009901,9.165151389911689,-1.1846894449127716,5.311732530178054,0.7872852766693452
115,85.28838196239266,111.13167163006297,74.26269689663683,36.86897473342614,98.6842105263158,14.142135623730963,-3.5610290321403344,5.201921581038954,0.7810863243874514
115,85.21583349452291,111.5812722572208,74.2633342432078,37.31793801401301,98.11937857726902,10.571187255932996,0.12116820187249056,4.304505570981411,0.7843798597049784
115,83.70174679458046,109.77250105959979,72.74989804971091,37.02260300988888,97.65625000000001,9.32952303175249,7.372315027648585,5.098118223821345,0.7832598297904841
116,72.67582990717398,96.7321288861511,62.4715035146922,34.2606253714589,105.11129431162409,11.622672033156189,-2.031694879782475,5.601320304797097,0.7411888531014643
116,70.82769148175375,95.33649964800233,60.98222966143375,34.35426998656858,105.44815465729349,10.908712114635678,0.4866075083288621,6.69495527739801,0.7646247895070654
116,72.54030989613895,96.63538799621028,62.44564597354714,34.18974202266315,105.54635761589405,9.293373015591266,-1.0042844010790424,4.750068956021565,0.7377121131317108
116,70.97346377246362,95.17027179910825,61.01684661148546,34.15342518762279,106.07321131447586,10.543697177603764,2.7040352436915884,5.022704580456799,0.7390508994349249
116,72.31358332693483,96.41318354372933,62.43449904037203,33.9786845033573,105.17090271691498,6.763874629234316,-2.9940203060821293,5.127659315295925,0.7595894470703289
116,71.19370973405329,95.57877960806589,60.98524660603487,34.593533002031016,105.45905707196032,7.198615783895671,1.4311625699052624,5.884119758263178,0.758648944037821
116,72.19980676771782,96.62619578678841,62.40282571164416,34.22337007514425,105.82010582010581,8.426149773176316,1.6368121635952546,5.88170241025135,0.7250739145586919
116,71.11026272170417,95.16070582426401,60.93624134474524,34.22446447951877,105.1980198019802,10.894905320273127,-2.3073141588721175,5.422255705702611,0.7632721352526785
116,72.38474513234075,96.80116537300161,62.424361036512565,34.376804336489045,105.80912863070537,10.9354823892915,0.9395038371961442,5.764181196761617,0.7431599215953602
116,70.98371188452776,95.02886897385315,61.043599969531115,33.985269004322035,105.35557506584723,8.108637370113401,-1.5133383833089447,4.597597065423375,0.7573397545403028
116,72.58796910954567,96.61414149187128,62.40683042333149,34.20731106853979,105.8091286307054,11.923632432301076,4.1303995960073046,4.559623686090383,0.7376847694598135
116,70.72337306551604,95.04159092224587,60.996557698488445,34.04503322375743,105.17090271691498,10.087120500915988,0.5480623450867327,5.411217999422536,0.7673901652567509
117,74.85900100685033,107.66899489617596,60.97270082290801,46.69629407326795,86.0655737704918,9.96319758523582,-7.570372992202653,6.031838438171742,0.7867173907752429
117,72.49380034819926,105.36130984268965,58.86356626362026,46.49774357906939,86.97591436217665,15.09888510324342,0.6676542361498726,6.842436562240558,0.7869724184144957
117,74.62048675269091,107.97980131690522,60.85790913299829,47.12189218390694,86.34868421052633,13.130428906372613,0.18238647190479762,6.438386613601374,0.7830413737440529
117,72.71326006078667,105.26891781640343,58.904832745402715,46.364085071000716,86.20689655172416,10.407098169407844,6.6360889522919075,6.3601006704255445,0.7833164980602951
117,74.20078936082392,107.1859306863795,60.817220773214466,46.36870991316504,86.58969804618118,11.964444366291405,1.5728288280560856,6.353779430024072,0.7846728422520779
117,72.91849176978715,105.35235150282504,58.92861525010702,46.42373625271802,86.70520231213874,11.999999999999968,1.2319402881525883,6.306074105663832,0.7838590542577846
117,74.28926622122522,107.64748596006038,60.870270957271636,46.77721500278874,86.43617021276596,9.998816498013475,1.8504925866681532,7.171582114211637,0.7848583746439406
117,72.75544056913726,105.3287698464761,58.90319538488607,46.42557446159004,86.92052980132452,13.666583706401576,-1.9633053259072188,5.94338360658677,0.7849800914838567
117,74.33260493166702,107.31503017804411,61.01654324483545,46.298486933208665,87.05357142857143,12.490943464728861,-3.7289905534500365,5.874920267167369,0.7842372955703327
117,72.81565974938299,105.9074681102323,58.907901877953655,46.999566232278646,86.63366336633666,15.918158031067543,-2.5273402750198697,6.557740986487988,0.7839548536251376
117,74.64107116051713,107.62840998524166,60.95914481972425,46.66926516551741,85.8274647887324,11.111058514010942,7.960197074655431,5.331925815909788,0.781675949107239
117,72.41629321839886,105.50951915540969,59.01112924256439,46.498389912845305,85.8274647887324,10.186427912151899,3.8740833856627175,7.050112673776293,0.7870794495269015
118,87.24289614502096,106.99437489023576,78.79412432757476,28.200250562660997,93.82819015846538,12.55317578233582,-3.968884997157251,4.737823248959449,0.7846729139527651
118,85.7606981640317,105.76836856103274,77.59315418792069,28.175214373112055,92.75618374558304,10.411924090450636,-2.938290949400837,4.3626554082833096,0.7827499066781086
118,87.21372748763747,107.38504265787932,78.87648357327345,28.508559084605878,93.75000000000001,13.063945294843629,-3.3725906800420025,4.301438894381831,0.7832275283234432
118,85.95952375907179,106.09236742486746,77.53634312276414,28.556024302103324,93.59400998336106,16.49026648932301,3.4036586368720605,3.364291586190258,0.7805600040266508
118,86.96214574991097,107.06649078314199,78.7418140431265,28.32467674001549,93.41637010676158,14.31995895559049,1.912749532080509,4.251713002851535,0.781087412087917
118,85.74099722384692,105.85254267757536,77.61258393182968,28.23995874574568,94.25493716337525,13.080597876868122,-0.37055132359597,4.067698796134043,0.7858855916709014
118,87.20605702307134,107.06005955755991,78.80860082736106,28.25145873019885,94.2211055276382,14.83778959279314,-1.5139433718912525,4.165852481811359,0.7860033200653884
118,85.89081058119345,105.97066464243399,77.5474062580921,28.423258384341892,93.90651085141903,12.34755936297625,2.2568983005344525,4.164122787597276,0.7838323751620752
118,86.93836446406648,107.01617908320401,78.76137332678694,28.25480575641707,93.91771019677998,15.95913147859309,-4.484674823926397,3.8133489266203053,0.7820076783606125
118,86.09084578007011,105.96785937194602,77.62629725679301,28.34156211515301,93.75,14.310835055998666,-3.719775784060169,3.9995990852639163,0.7835651344580165
119,103.73357241702902,130.2258272190435,92.69125883583534,37.53456838320817,58.746736292428196,19.229606802474624,-10.401717595328213,5.82764037439263,0.8941192023854976
119,101.97926010959759,128.42702532676756,90.92685465438568,37.500170672381884,57.989690721649474,12.507775359529157,8.852504818322643,4.177521274713945,0.8942377749372178
119,102.92283814898315,129.21467284413094,92.42338021137218,36.79129263275877,57.97101449275362,38.56163896931772,-4.410110242697693,11.916336566542213,0.888343354944968
119,102.01878049643538,128.2177247301479,90.95805583776632,37.25966889238157,58.84917175239756,39.21199111131163,-15.629286811970127,5.622967698345641,0.8930912560567326
119,101.71884358300105,127.94622655450532,90.99377952364817,36.952447030857144,58.746736292428196,15.549205052920815,9.72635544122225,3.6190836013174694,0.8943313233074401
119,104.44941933612091,136.836437505658,84.96577967906525,51.87065782659276,64.4883920894239,256.60054559567874,31.20516534254858,35.80128660803451,0.8929453663286908
119,101.47521496299804,127.54809163867772,91.03494351071188,36.513148127965835,59.106830122591944,42.23859331739283,-0.39968852850582354,8.75817239030944,0.8944932399157054
